Fecha,FuenteIngreso,cantidad
31/12/19,MovilGZ,1
31/12/19,PortalGZ,1
31/12/19,MovilSE,19
31/12/19,UB,4
31/12/18,MovilSE,18
31/10/20,MovilSE,118
31/10/20,PortalGZ,2
31/10/20,UB,52
31/10/19,MovilGZ,17
31/10/19,PortalGZ,20
31/10/19,UB,33
31/10/19,MovilSE,447
31/10/18,MovilSE,552
31/10/18,PortalGZ,52
31/10/18,UB,23
31/08/20,CALL CENTER,3
31/08/20,MovilGZ,18
31/08/20,MovilSE,695
31/08/20,PortalGZ,10
31/08/20,UB,92
31/08/19,CALL CENTER,1
31/08/19,MovilSE,50
31/08/19,UB,7
31/08/19,MovilGZ,2
31/08/19,PortalGZ,3
31/08/18,MovilSE,556
31/08/18,PortalGZ,77
31/08/18,CALL CENTER,1
31/08/18,MovilGZ,6
31/08/18,UB,33
31/07/20,MovilGZ,13
31/07/20,MovilSE,3
31/07/20,MovilSE,382
31/07/20,PortalGZ,13
31/07/20,UB,92
31/07/19,CALL CENTER,1
31/07/19,MovilGZ,41
31/07/19,PortalGZ,43
31/07/19,MovilSE,795
31/07/19,UB,30
31/07/18,MovilSE,764
31/07/18,MovilGZ,1
31/07/18,PortalGZ,77
31/07/18,UB,51
31/05/20,MovilSE,13
31/05/20,PortalGZ,1
31/05/20,UB,5
31/05/19,MovilSE,2
31/05/19,MovilSE,849
31/05/19,UB,29
31/05/19,CALL CENTER,3
31/05/19,MovilGZ,16
31/05/19,PortalGZ,31
31/05/18,MovilSE,661
31/05/18,UB,62
31/05/18,CALL CENTER,2
31/05/18,PortalGZ,82
31/03/20,CALL CENTER,2
31/03/20,MovilGZ,2
31/03/20,MovilSE,58
31/03/20,PortalGZ,15
31/03/20,UB,23
31/03/19,PortalGZ,1
31/03/19,UB,4
31/03/19,MovilSE,54
31/03/18,MovilSE,30
31/03/18,UB,5
31/03/18,PortalGZ,1
31/01/20,CALL CENTER,2
31/01/20,MovilGZ,2
31/01/20,MovilSE,244
31/01/20,PortalGZ,6
31/01/20,UB,29
31/01/20,UB,1
31/01/19,CALL CENTER,1
31/01/19,MovilGZ,7
31/01/19,PortalGZ,35
31/01/19,MovilSE,1
31/01/19,MovilSE,489
31/01/19,UB,37
31/01/18,MovilSE,290
31/01/18,UB,42
31/01/18,PortalGZ,32
30/12/19,MovilGZ,11
30/12/19,MovilSE,310
30/12/19,PortalGZ,18
30/12/19,MovilSE,1
30/12/19,UB,22
30/12/18,MovilSE,6
30/12/18,UB,1
30/11/20,MovilSE,204
30/11/20,MovilGZ,5
30/11/20,PortalGZ,7
30/11/20,UB,30
30/11/19,MovilSE,108
30/11/19,PortalGZ,5
30/11/19,UB,7
30/11/19,CALL CENTER,1
30/11/19,MovilGZ,1
30/11/18,MovilGZ,3
30/11/18,MovilSE,290
30/11/18,PortalGZ,18
30/11/18,UB,18
30/10/20,MovilGZ,15
30/10/20,UB,104
30/10/20,MovilSE,638
30/10/20,PortalGZ,26
30/10/19,CALL CENTER,1
30/10/19,MovilGZ,18
30/10/19,UB,28
30/10/19,MovilSE,552
30/10/19,PortalGZ,37
30/10/18,CALL CENTER,1
30/10/18,MovilSE,671
30/10/18,PortalGZ,59
30/10/18,UB,23
30/09/20,CALL CENTER,4
30/09/20,MovilGZ,19
30/09/20,UB,79
30/09/20,MovilSE,470
30/09/20,PortalGZ,28
30/09/19,MovilSE,740
30/09/19,UB,41
30/09/19,MovilGZ,17
30/09/19,PortalGZ,21
30/09/18,UB,5
30/09/18,MovilSE,68
30/08/20,MovilGZ,3
30/08/20,UB,42
30/08/20,MovilSE,51
30/08/20,PortalGZ,1
30/08/19,MovilGZ,13
30/08/19,MovilSE,369
30/08/19,PortalGZ,17
30/08/19,UB,17
30/08/18,PortalGZ,69
30/08/18,CALL CENTER,1
30/08/18,MovilGZ,7
30/08/18,MovilSE,633
30/08/18,UB,43
30/07/20,UB,112
30/07/20,MovilGZ,14
30/07/20,MovilSE,383
30/07/20,PortalGZ,28
30/07/19,CALL CENTER,5
30/07/19,MovilSE,1
30/07/19,MovilSE,864
30/07/19,PortalGZ,41
30/07/19,UB,39
30/07/19,MovilGZ,30
30/07/18,CALL CENTER,2
30/07/18,MovilSE,675
30/07/18,PortalGZ,51
30/07/18,UB,40
30/06/20,MovilSE,1
30/06/20,PortalGZ,32
30/06/20,CALL CENTER,2
30/06/20,MovilGZ,14
30/06/20,MovilSE,713
30/06/20,UB,103
30/06/19,MovilSE,7
30/06/19,UB,2
30/06/18,MovilSE,56
30/06/18,PortalGZ,5
30/06/18,UB,5
30/05/20,CALL CENTER,1
30/05/20,MovilGZ,2
30/05/20,MovilSE,46
30/05/20,UB,23
30/05/19,CALL CENTER,1
30/05/19,MovilGZ,16
30/05/19,UB,37
30/05/19,MovilSE,760
30/05/19,PortalGZ,29
30/05/18,MovilSE,719
30/05/18,PortalGZ,104
30/05/18,UB,54
30/04/20,CALL CENTER,19
30/04/20,MovilGZ,16
30/04/20,MovilSE,443
30/04/20,PortalGZ,31
30/04/20,UB,47
30/04/19,CALL CENTER,1
30/04/19,MovilGZ,16
30/04/19,PortalGZ,51
30/04/19,UB,30
30/04/19,MovilSE,681
30/04/18,CALL CENTER,1
30/04/18,MovilSE,834
30/04/18,PortalGZ,89
30/04/18,UB,34
30/03/20,MovilGZ,4
30/03/20,PortalGZ,7
30/03/20,CALL CENTER,3
30/03/20,MovilSE,65
30/03/20,UB,28
30/03/19,MovilGZ,1
30/03/19,PortalGZ,6
30/03/19,UB,11
30/03/19,MovilSE,152
30/03/18,MovilSE,36
30/03/18,PortalGZ,1
30/03/18,UB,2
30/01/20,MovilGZ,20
30/01/20,MovilSE,407
30/01/20,UB,48
30/01/20,CALL CENTER,2
30/01/20,PortalGZ,12
30/01/19,CALL CENTER,3
30/01/19,MovilGZ,1
30/01/19,MovilGZ,7
30/01/19,MovilSE,2
30/01/19,PortalGZ,3
30/01/19,MovilSE,418
30/01/19,PortalGZ,39
30/01/19,UB,33
30/01/18,PortalGZ,107
30/01/18,UB,63
30/01/18,MovilSE,420
29/12/19,PortalGZ,1
29/12/19,MovilSE,5
29/12/19,UB,2
29/12/18,MovilSE,53
29/12/18,UB,2
29/12/18,MovilGZ,2
29/12/18,PortalGZ,1
29/11/20,UB,27
29/11/20,MovilSE,11
29/11/20,PortalGZ,1
29/11/19,MovilGZ,8
29/11/19,MovilSE,306
29/11/19,UB,38
29/11/19,CALL CENTER,2
29/11/19,PortalGZ,18
29/11/18,CALL CENTER,1
29/11/18,MovilGZ,1
29/11/18,PortalGZ,19
29/11/18,MovilSE,339
29/11/18,UB,24
29/10/20,MovilGZ,15
29/10/20,CALL CENTER,2
29/10/20,MovilSE,1002
29/10/20,PortalGZ,34
29/10/20,UB,116
29/10/19,MovilGZ,51
29/10/19,UB,57
29/10/19,CALL CENTER,1
29/10/19,MovilSE,940
29/10/19,PortalGZ,56
29/10/18,CALL CENTER,5
29/10/18,MovilSE,740
29/10/18,PortalGZ,54
29/10/18,UB,30
29/09/20,CALL CENTER,1
29/09/20,MovilSE,486
29/09/20,PortalGZ,18
29/09/20,MovilGZ,12
29/09/20,UB,102
29/09/19,MovilSE,1
29/09/19,UB,2
29/09/19,MovilSE,29
29/09/18,MovilSE,121
29/09/18,PortalGZ,6
29/09/18,UB,5
29/08/20,PortalGZ,2
29/08/20,UB,48
29/08/20,MovilGZ,2
29/08/20,MovilSE,104
29/08/19,CALL CENTER,1
29/08/19,MovilGZ,15
29/08/19,MovilSE,1
29/08/19,MovilSE,555
29/08/19,PortalGZ,30
29/08/19,UB,28
29/08/18,CALL CENTER,4
29/08/18,MovilGZ,5
29/08/18,MovilSE,678
29/08/18,PortalGZ,70
29/08/18,UB,64
29/07/20,CALL CENTER,2
29/07/20,MovilGZ,22
29/07/20,MovilSE,426
29/07/20,PortalGZ,30
29/07/20,UB,128
29/07/19,CALL CENTER,3
29/07/19,MovilGZ,25
29/07/19,MovilSE,760
29/07/19,PortalGZ,27
29/07/19,MovilSE,1
29/07/19,UB,41
29/07/18,UB,5
29/07/18,MovilSE,53
29/07/18,PortalGZ,6
29/06/20,MovilGZ,4
29/06/20,MovilSE,165
29/06/20,PortalGZ,6
29/06/20,UB,33
29/06/19,MovilGZ,2
29/06/19,MovilSE,91
29/06/19,PortalGZ,3
29/06/19,UB,6
29/06/18,MovilSE,549
29/06/18,PortalGZ,65
29/06/18,UB,29
29/05/20,CALL CENTER,1
29/05/20,MovilGZ,24
29/05/20,PortalGZ,13
29/05/20,UB,52
29/05/20,MovilSE,313
29/05/19,CALL CENTER,1
29/05/19,MovilGZ,8
29/05/19,MovilSE,587
29/05/19,UB,34
29/05/19,PortalGZ,17
29/05/18,CALL CENTER,3
29/05/18,MovilSE,780
29/05/18,PortalGZ,82
29/05/18,UB,48
29/04/20,MovilSE,334
29/04/20,UB,56
29/04/20,CALL CENTER,29
29/04/20,MovilGZ,8
29/04/20,PortalGZ,20
29/04/19,CALL CENTER,2
29/04/19,MovilGZ,18
29/04/19,MovilSE,1
29/04/19,MovilSE,742
29/04/19,PortalGZ,45
29/04/19,UB,48
29/04/18,MovilSE,30
29/04/18,PortalGZ,1
29/04/18,UB,3
29/03/20,PortalGZ,1
29/03/20,UB,1
29/03/20,MovilSE,3
29/03/19,CALL CENTER,1
29/03/19,MovilGZ,7
29/03/19,MovilSE,3
29/03/19,MovilSE,310
29/03/19,PortalGZ,12
29/03/19,UB,28
29/03/18,UB,4
29/03/18,MovilSE,43
29/03/18,PortalGZ,2
29/02/20,PortalGZ,1
29/02/20,UB,9
29/02/20,MovilGZ,5
29/02/20,MovilSE,46
29/01/20,CALL CENTER,1
29/01/20,MovilGZ,17
29/01/20,MovilSE,3
29/01/20,PortalGZ,1
29/01/20,MovilSE,359
29/01/20,PortalGZ,26
29/01/20,UB,52
29/01/19,MovilGZ,12
29/01/19,PortalGZ,59
29/01/19,UB,35
29/01/19,MovilSE,1
29/01/19,MovilSE,422
29/01/18,MovilSE,488
29/01/18,PortalGZ,103
29/01/18,UB,66
28/12/19,MovilGZ,1
28/12/19,MovilSE,92
28/12/19,PortalGZ,6
28/12/19,UB,5
28/12/18,MovilSE,447
28/12/18,PortalGZ,25
28/12/18,MovilGZ,7
28/12/18,UB,23
28/11/20,PortalGZ,4
28/11/20,MovilGZ,2
28/11/20,MovilSE,59
28/11/20,UB,45
28/11/19,MovilGZ,6
28/11/19,MovilSE,240
28/11/19,PortalGZ,13
28/11/19,UB,28
28/11/18,CALL CENTER,1
28/11/18,MovilGZ,9
28/11/18,MovilSE,289
28/11/18,PortalGZ,43
28/11/18,UB,24
28/10/20,MovilSE,762
28/10/20,UB,121
28/10/20,MovilGZ,20
28/10/20,PortalGZ,40
28/10/19,MovilGZ,35
28/10/19,MovilSE,830
28/10/19,CALL CENTER,4
28/10/19,PortalGZ,41
28/10/19,UB,49
28/10/18,PortalGZ,1
28/10/18,MovilSE,44
28/10/18,UB,2
28/09/20,MovilGZ,25
28/09/20,MovilSE,644
28/09/20,UB,100
28/09/20,PortalGZ,13
28/09/19,PortalGZ,1
28/09/19,UB,6
28/09/19,MovilGZ,1
28/09/19,MovilSE,95
28/09/18,MovilGZ,4
28/09/18,CALL CENTER,3
28/09/18,MovilSE,348
28/09/18,PortalGZ,19
28/09/18,UB,19
28/08/20,CALL CENTER,2
28/08/20,MovilGZ,8
28/08/20,MovilSE,355
28/08/20,UB,92
28/08/20,PortalGZ,14
28/08/19,MovilGZ,19
28/08/19,MovilSE,631
28/08/19,PortalGZ,36
28/08/19,CALL CENTER,1
28/08/19,UB,41
28/08/18,CALL CENTER,1
28/08/18,MovilSE,730
28/08/18,MovilGZ,1
28/08/18,PortalGZ,69
28/08/18,UB,50
28/07/20,MovilGZ,22
28/07/20,PortalGZ,34
28/07/20,MovilSE,2
28/07/20,MovilSE,613
28/07/20,UB,165
28/07/19,MovilGZ,2
28/07/19,MovilSE,33
28/07/19,PortalGZ,2
28/07/18,PortalGZ,5
28/07/18,MovilSE,142
28/07/18,UB,11
28/06/19,PortalGZ,35
28/06/19,MovilGZ,10
28/06/19,MovilSE,440
28/06/19,UB,30
28/06/18,UB,15
28/06/18,MovilSE,551
28/06/18,PortalGZ,64
28/05/20,MovilGZ,19
28/05/20,PortalGZ,18
28/05/20,MovilSE,368
28/05/20,UB,75
28/05/19,MovilGZ,6
28/05/19,PortalGZ,31
28/05/19,CALL CENTER,1
28/05/19,MovilSE,340
28/05/19,UB,35
28/05/18,CALL CENTER,1
28/05/18,UB,46
28/05/18,MovilGZ,1
28/05/18,MovilSE,690
28/05/18,PortalGZ,34
28/04/20,CALL CENTER,17
28/04/20,MovilGZ,5
28/04/20,PortalGZ,22
28/04/20,UB,104
28/04/20,MovilSE,354
28/04/19,MovilSE,35
28/04/19,UB,1
28/04/18,MovilSE,87
28/04/18,PortalGZ,15
28/04/18,UB,8
28/03/20,MovilGZ,1
28/03/20,MovilSE,7
28/03/20,UB,2
28/03/19,MovilSE,1
28/03/19,UB,39
28/03/19,CALL CENTER,2
28/03/19,MovilGZ,6
28/03/19,MovilSE,378
28/03/19,PortalGZ,21
28/03/18,MovilSE,347
28/03/18,PortalGZ,20
28/03/18,UB,33
28/02/20,MovilGZ,28
28/02/20,PortalGZ,35
28/02/20,UB,47
28/02/20,CALL CENTER,1
28/02/20,MovilSE,579
28/02/19,MovilGZ,10
28/02/19,UB,24
28/02/19,MovilSE,2
28/02/19,MovilSE,522
28/02/19,PortalGZ,35
28/02/19,UB,1
28/02/18,MovilSE,958
28/02/18,PortalGZ,117
28/02/18,UB,82
28/01/20,CALL CENTER,1
28/01/20,MovilGZ,30
28/01/20,MovilSE,1
28/01/20,MovilSE,385
28/01/20,PortalGZ,38
28/01/20,UB,3
28/01/20,UB,56
28/01/19,MovilGZ,11
28/01/19,MovilSE,2
28/01/19,PortalGZ,63
28/01/19,MovilSE,448
28/01/19,UB,2
28/01/19,UB,36
28/01/18,MovilSE,59
28/01/18,UB,7
28/01/18,PortalGZ,5
27/12/19,MovilGZ,10
27/12/19,PortalGZ,18
27/12/19,MovilSE,381
27/12/19,UB,16
27/12/18,MovilSE,489
27/12/18,MovilGZ,10
27/12/18,PortalGZ,49
27/12/18,UB,30
27/11/20,MovilGZ,22
27/11/20,UB,67
27/11/20,CALL CENTER,1
27/11/20,MovilSE,449
27/11/20,PortalGZ,26
27/11/19,MovilGZ,11
27/11/19,MovilSE,1
27/11/19,UB,31
27/11/19,MovilSE,249
27/11/19,PortalGZ,17
27/11/18,MovilGZ,3
27/11/18,MovilSE,375
27/11/18,UB,23
27/11/18,PortalGZ,46
27/10/20,CALL CENTER,3
27/10/20,MovilGZ,7
27/10/20,MovilSE,706
27/10/20,PortalGZ,33
27/10/20,UB,110
27/10/19,MovilSE,1
27/10/18,MovilGZ,2
27/10/18,MovilSE,124
27/10/18,PortalGZ,13
27/10/18,UB,8
27/09/20,UB,24
27/09/20,MovilSE,15
27/09/19,MovilGZ,13
27/09/19,UB,36
27/09/19,CALL CENTER,3
27/09/19,MovilSE,423
27/09/19,PortalGZ,16
27/09/18,PortalGZ,25
27/09/18,CALL CENTER,2
27/09/18,MovilGZ,3
27/09/18,MovilSE,293
27/09/18,UB,18
27/08/20,PortalGZ,22
27/08/20,MovilGZ,8
27/08/20,MovilSE,338
27/08/20,UB,121
27/08/19,MovilSE,737
27/08/19,MovilGZ,30
27/08/19,MovilSE,1
27/08/19,PortalGZ,52
27/08/19,UB,58
27/08/18,CALL CENTER,2
27/08/18,MovilSE,841
27/08/18,PortalGZ,68
27/08/18,UB,73
27/07/20,CALL CENTER,2
27/07/20,PortalGZ,40
27/07/20,MovilGZ,16
27/07/20,MovilSE,1
27/07/20,MovilSE,642
27/07/20,UB,131
27/07/19,MovilSE,112
27/07/19,MovilGZ,6
27/07/19,PortalGZ,8
27/07/19,UB,4
27/07/18,MovilGZ,1
27/07/18,MovilSE,505
27/07/18,UB,37
27/07/18,PortalGZ,35
27/06/20,MovilSE,16
27/06/20,UB,1
27/06/19,MovilGZ,19
27/06/19,MovilSE,557
27/06/19,PortalGZ,41
27/06/19,UB,31
27/06/18,PortalGZ,75
27/06/18,MovilSE,699
27/06/18,UB,21
27/05/20,MovilSE,504
27/05/20,CALL CENTER,1
27/05/20,MovilGZ,17
27/05/20,PortalGZ,20
27/05/20,UB,70
27/05/19,MovilGZ,20
27/05/19,PortalGZ,47
27/05/19,UB,26
27/05/19,CALL CENTER,3
27/05/19,MovilSE,545
27/05/18,MovilSE,24
27/05/18,PortalGZ,1
27/05/18,UB,1
27/04/20,PortalGZ,21
27/04/20,UB,58
27/04/20,CALL CENTER,8
27/04/20,MovilGZ,10
27/04/20,MovilSE,242
27/04/19,MovilGZ,4
27/04/19,PortalGZ,6
27/04/19,MovilSE,96
27/04/19,UB,10
27/04/18,CALL CENTER,3
27/04/18,MovilSE,666
27/04/18,PortalGZ,71
27/04/18,UB,42
27/03/20,MovilGZ,5
27/03/20,MovilSE,1
27/03/20,MovilSE,25
27/03/20,PortalGZ,10
27/03/20,UB,15
27/03/19,CALL CENTER,1
27/03/19,UB,45
27/03/19,MovilGZ,23
27/03/19,MovilSE,1
27/03/19,MovilSE,348
27/03/19,PortalGZ,23
27/03/18,UB,35
27/03/18,MovilSE,262
27/03/18,PortalGZ,24
27/02/20,CALL CENTER,5
27/02/20,MovilGZ,26
27/02/20,MovilSE,533
27/02/20,UB,1
27/02/20,UB,46
27/02/20,PortalGZ,30
27/02/19,MovilGZ,14
27/02/19,MovilSE,746
27/02/19,CALL CENTER,2
27/02/19,MovilSE,3
27/02/19,PortalGZ,59
27/02/19,UB,35
27/02/18,PortalGZ,123
27/02/18,MovilSE,1037
27/02/18,UB,69
27/01/20,MovilGZ,31
27/01/20,MovilSE,1
27/01/20,MovilSE,454
27/01/20,PortalGZ,36
27/01/20,CALL CENTER,1
27/01/20,UB,48
27/01/19,MovilGZ,1
27/01/19,MovilSE,20
27/01/19,UB,1
27/01/18,MovilSE,84
27/01/18,PortalGZ,5
27/01/18,UB,4
26/12/19,MovilSE,417
26/12/19,MovilGZ,14
26/12/19,PortalGZ,12
26/12/19,UB,30
26/12/18,CALL CENTER,1
26/12/18,MovilGZ,4
26/12/18,MovilSE,389
26/12/18,UB,18
26/12/18,PortalGZ,38
26/11/20,MovilGZ,15
26/11/20,MovilSE,391
26/11/20,PortalGZ,22
26/11/20,UB,76
26/11/19,CALL CENTER,2
26/11/19,MovilGZ,13
26/11/19,MovilSE,299
26/11/19,UB,20
26/11/19,PortalGZ,11
26/11/18,MovilGZ,6
26/11/18,CALL CENTER,1
26/11/18,MovilSE,481
26/11/18,PortalGZ,60
26/11/18,UB,28
26/10/20,CALL CENTER,2
26/10/20,MovilGZ,22
26/10/20,UB,134
26/10/20,MovilSE,732
26/10/20,PortalGZ,16
26/10/19,MovilGZ,4
26/10/19,PortalGZ,7
26/10/19,MovilSE,65
26/10/19,UB,3
26/10/18,CALL CENTER,3
26/10/18,UB,30
26/10/18,MovilSE,543
26/10/18,PortalGZ,63
26/09/20,MovilGZ,2
26/09/20,MovilSE,85
26/09/20,PortalGZ,3
26/09/20,UB,67
26/09/19,MovilGZ,9
26/09/19,MovilSE,302
26/09/19,UB,23
26/09/19,PortalGZ,22
26/09/18,UB,24
26/09/18,MovilGZ,1
26/09/18,MovilSE,310
26/09/18,PortalGZ,26
26/08/20,MovilGZ,13
26/08/20,MovilSE,318
26/08/20,PortalGZ,23
26/08/20,UB,119
26/08/19,CALL CENTER,1
26/08/19,MovilGZ,31
26/08/19,MovilSE,798
26/08/19,PortalGZ,40
26/08/19,UB,43
26/08/18,UB,8
26/08/18,MovilSE,105
26/08/18,PortalGZ,2
26/07/20,MovilSE,22
26/07/20,UB,55
26/07/20,MovilGZ,1
26/07/20,PortalGZ,1
26/07/19,MovilGZ,28
26/07/19,PortalGZ,28
26/07/19,MovilSE,587
26/07/19,UB,34
26/07/18,MovilSE,384
26/07/18,PortalGZ,29
26/07/18,CALL CENTER,1
26/07/18,UB,38
26/06/20,MovilGZ,3
26/06/20,MovilSE,1
26/06/20,MovilSE,332
26/06/20,PortalGZ,12
26/06/20,UB,73
26/06/19,UB,36
26/06/19,CALL CENTER,2
26/06/19,MovilGZ,20
26/06/19,MovilSE,725
26/06/19,PortalGZ,56
26/06/18,MovilGZ,1
26/06/18,PortalGZ,83
26/06/18,UB,27
26/06/18,MovilSE,706
26/05/20,CALL CENTER,3
26/05/20,MovilGZ,20
26/05/20,MovilSE,624
26/05/20,UB,132
26/05/20,PortalGZ,33
26/05/19,MovilSE,23
26/05/18,PortalGZ,2
26/05/18,UB,9
26/05/18,MovilSE,79
26/04/20,MovilGZ,1
26/04/20,MovilSE,23
26/04/20,UB,1
26/04/19,CALL CENTER,1
26/04/19,MovilGZ,14
26/04/19,MovilSE,480
26/04/19,PortalGZ,36
26/04/19,MovilSE,1
26/04/19,UB,43
26/04/18,CALL CENTER,1
26/04/18,MovilSE,698
26/04/18,UB,46
26/04/18,PortalGZ,63
26/03/20,CALL CENTER,3
26/03/20,MovilGZ,2
26/03/20,MovilSE,1
26/03/20,MovilSE,43
26/03/20,PortalGZ,7
26/03/20,UB,9
26/03/19,MovilSE,325
26/03/19,PortalGZ,28
26/03/19,MovilGZ,14
26/03/19,UB,19
26/03/18,PortalGZ,50
26/03/18,UB,21
26/03/18,MovilSE,306
26/02/20,CALL CENTER,3
26/02/20,MovilGZ,29
26/02/20,MovilSE,625
26/02/20,PortalGZ,23
26/02/20,UB,54
26/02/19,MovilGZ,11
26/02/19,MovilSE,822
26/02/19,PortalGZ,51
26/02/19,UB,59
26/02/19,CALL CENTER,1
26/02/19,UB,1
26/02/18,MovilSE,996
26/02/18,PortalGZ,128
26/02/18,UB,81
26/01/20,MovilGZ,2
26/01/20,UB,2
26/01/20,MovilSE,6
26/01/20,PortalGZ,3
26/01/19,MovilSE,59
26/01/19,PortalGZ,8
26/01/19,MovilGZ,2
26/01/19,UB,4
26/01/18,MovilSE,498
26/01/18,UB,46
26/01/18,PortalGZ,75
25/12/19,MovilSE,5
25/12/19,UB,2
25/12/18,MovilSE,2
25/11/20,MovilGZ,31
25/11/20,MovilSE,671
25/11/20,PortalGZ,26
25/11/20,UB,84
25/11/20,CALL CENTER,1
25/11/19,MovilGZ,17
25/11/19,PortalGZ,12
25/11/19,MovilSE,417
25/11/19,UB,27
25/11/18,MovilSE,11
25/11/18,PortalGZ,1
25/10/20,MovilGZ,2
25/10/20,MovilSE,11
25/10/20,PortalGZ,1
25/10/20,UB,41
25/10/19,MovilSE,583
25/10/19,PortalGZ,42
25/10/19,UB,39
25/10/19,CALL CENTER,1
25/10/19,MovilGZ,30
25/10/18,PortalGZ,45
25/10/18,CALL CENTER,4
25/10/18,MovilGZ,2
25/10/18,MovilSE,580
25/10/18,UB,33
25/09/20,CALL CENTER,1
25/09/20,MovilGZ,13
25/09/20,UB,110
25/09/20,MovilSE,381
25/09/20,PortalGZ,16
25/09/19,MovilGZ,16
25/09/19,MovilSE,211
25/09/19,PortalGZ,12
25/09/19,CALL CENTER,1
25/09/19,UB,22
25/09/18,MovilGZ,2
25/09/18,MovilSE,398
25/09/18,PortalGZ,49
25/09/18,UB,39
25/08/20,PortalGZ,19
25/08/20,UB,154
25/08/20,CALL CENTER,1
25/08/20,MovilGZ,10
25/08/20,MovilSE,457
25/08/20,UB,1
25/08/19,MovilSE,22
25/08/19,PortalGZ,3
25/08/19,UB,5
25/08/18,CALL CENTER,1
25/08/18,MovilSE,127
25/08/18,UB,14
25/08/18,PortalGZ,15
25/07/20,CALL CENTER,1
25/07/20,MovilSE,57
25/07/20,MovilGZ,2
25/07/20,PortalGZ,4
25/07/20,UB,51
25/07/19,MovilGZ,21
25/07/19,MovilSE,407
25/07/19,PortalGZ,26
25/07/19,CALL CENTER,2
25/07/19,UB,30
25/07/18,CALL CENTER,1
25/07/18,UB,40
25/07/18,MovilSE,372
25/07/18,PortalGZ,42
25/06/20,MovilSE,286
25/06/20,PortalGZ,15
25/06/20,CALL CENTER,1
25/06/20,MovilGZ,4
25/06/20,UB,72
25/06/19,MovilSE,2
25/06/19,CALL CENTER,4
25/06/19,MovilGZ,18
25/06/19,MovilSE,821
25/06/19,PortalGZ,66
25/06/19,UB,39
25/06/18,MovilSE,675
25/06/18,CALL CENTER,2
25/06/18,MovilGZ,3
25/06/18,PortalGZ,56
25/06/18,UB,42
25/05/20,MovilSE,49
25/05/20,UB,10
25/05/20,MovilGZ,4
25/05/19,MovilGZ,1
25/05/19,PortalGZ,5
25/05/19,MovilSE,1
25/05/19,MovilSE,70
25/05/19,UB,6
25/05/18,UB,25
25/05/18,CALL CENTER,1
25/05/18,MovilGZ,1
25/05/18,MovilSE,273
25/05/18,PortalGZ,22
25/04/20,UB,8
25/04/20,CALL CENTER,2
25/04/20,MovilSE,27
25/04/20,PortalGZ,1
25/04/19,CALL CENTER,5
25/04/19,MovilGZ,21
25/04/19,MovilSE,1
25/04/19,MovilSE,830
25/04/19,PortalGZ,25
25/04/19,UB,1
25/04/19,UB,49
25/04/18,MovilSE,678
25/04/18,UB,47
25/04/18,CALL CENTER,7
25/04/18,PortalGZ,70
25/03/20,MovilGZ,4
25/03/20,MovilSE,64
25/03/20,PortalGZ,5
25/03/20,UB,8
25/03/19,MovilGZ,1
25/03/19,MovilSE,10
25/03/19,PortalGZ,1
25/03/18,MovilSE,9
25/02/20,MovilGZ,30
25/02/20,MovilSE,554
25/02/20,PortalGZ,29
25/02/20,UB,27
25/02/20,CALL CENTER,1
25/02/20,UB,1
25/02/19,MovilGZ,25
25/02/19,UB,59
25/02/19,CALL CENTER,5
25/02/19,MovilSE,1
25/02/19,MovilSE,1135
25/02/19,PortalGZ,84
25/02/18,MovilSE,80
25/02/18,PortalGZ,7
25/02/18,UB,6
25/01/20,CALL CENTER,1
25/01/20,MovilGZ,2
25/01/20,MovilSE,54
25/01/20,PortalGZ,1
25/01/20,UB,1
25/01/20,UB,15
25/01/19,MovilGZ,13
25/01/19,MovilSE,2
25/01/19,MovilSE,415
25/01/19,PortalGZ,66
25/01/19,UB,18
25/01/19,CALL CENTER,2
25/01/19,UB,1
25/01/18,UB,51
25/01/18,MovilSE,587
25/01/18,PortalGZ,68
24/12/19,MovilGZ,1
24/12/19,PortalGZ,5
24/12/19,UB,2
24/12/19,MovilSE,62
24/12/18,MovilSE,30
24/12/18,UB,1
24/11/20,UB,128
24/11/20,MovilGZ,22
24/11/20,MovilSE,792
24/11/20,PortalGZ,28
24/11/19,MovilSE,17
24/11/19,PortalGZ,3
24/11/19,UB,3
24/11/18,MovilSE,102
24/11/18,PortalGZ,8
24/11/18,UB,5
24/10/20,MovilGZ,1
24/10/20,MovilSE,82
24/10/20,CALL CENTER,1
24/10/20,PortalGZ,2
24/10/20,UB,56
24/10/19,MovilSE,714
24/10/19,CALL CENTER,2
24/10/19,MovilGZ,36
24/10/19,PortalGZ,38
24/10/19,UB,36
24/10/18,CALL CENTER,2
24/10/18,MovilSE,612
24/10/18,PortalGZ,1
24/10/18,MovilGZ,1
24/10/18,PortalGZ,45
24/10/18,UB,35
24/09/20,MovilGZ,10
24/09/20,UB,69
24/09/20,CALL CENTER,1
24/09/20,MovilSE,513
24/09/20,PortalGZ,20
24/09/19,CALL CENTER,3
24/09/19,MovilGZ,16
24/09/19,MovilSE,450
24/09/19,PortalGZ,40
24/09/19,UB,45
24/09/18,UB,27
24/09/18,CALL CENTER,1
24/09/18,MovilGZ,6
24/09/18,MovilSE,465
24/09/18,PortalGZ,34
24/08/20,CALL CENTER,1
24/08/20,MovilSE,445
24/08/20,PortalGZ,25
24/08/20,UB,91
24/08/20,MovilGZ,13
24/08/19,MovilGZ,2
24/08/19,UB,15
24/08/19,CALL CENTER,1
24/08/19,MovilSE,185
24/08/19,PortalGZ,9
24/08/18,CALL CENTER,1
24/08/18,MovilGZ,1
24/08/18,MovilSE,570
24/08/18,PortalGZ,57
24/08/18,UB,47
24/07/20,CALL CENTER,2
24/07/20,MovilSE,512
24/07/20,MovilGZ,15
24/07/20,PortalGZ,28
24/07/20,UB,142
24/07/19,CALL CENTER,2
24/07/19,MovilGZ,29
24/07/19,MovilSE,447
24/07/19,PortalGZ,24
24/07/19,UB,38
24/07/18,CALL CENTER,1
24/07/18,MovilGZ,1
24/07/18,MovilSE,613
24/07/18,UB,48
24/07/18,PortalGZ,92
24/06/20,CALL CENTER,1
24/06/20,PortalGZ,24
24/06/20,UB,96
24/06/20,MovilGZ,5
24/06/20,MovilSE,1
24/06/20,MovilSE,358
24/06/19,MovilSE,71
24/06/19,MovilGZ,2
24/06/19,PortalGZ,2
24/06/19,UB,1
24/06/18,PortalGZ,2
24/06/18,UB,3
24/06/18,MovilSE,38
24/05/20,MovilGZ,2
24/05/20,MovilSE,8
24/05/20,PortalGZ,1
24/05/20,UB,5
24/05/19,CALL CENTER,1
24/05/19,MovilGZ,14
24/05/19,MovilSE,3
24/05/19,MovilSE,423
24/05/19,PortalGZ,27
24/05/19,UB,19
24/05/18,MovilSE,157
24/05/18,PortalGZ,20
24/05/18,UB,24
24/04/20,UB,30
24/04/20,CALL CENTER,8
24/04/20,MovilGZ,3
24/04/20,MovilSE,81
24/04/20,PortalGZ,8
24/04/19,PortalGZ,48
24/04/19,CALL CENTER,2
24/04/19,MovilGZ,10
24/04/19,MovilSE,739
24/04/19,UB,48
24/04/18,PortalGZ,91
24/04/18,CALL CENTER,3
24/04/18,MovilSE,844
24/04/18,UB,52
24/03/20,MovilGZ,2
24/03/20,CALL CENTER,1
24/03/20,MovilSE,47
24/03/20,PortalGZ,2
24/03/20,UB,9
24/03/19,MovilSE,11
24/03/19,UB,2
24/03/18,MovilSE,46
24/03/18,PortalGZ,2
24/03/18,UB,4
24/02/20,CALL CENTER,4
24/02/20,MovilGZ,1
24/02/20,MovilSE,765
24/02/20,PortalGZ,29
24/02/20,MovilGZ,36
24/02/20,UB,67
24/02/19,MovilGZ,2
24/02/19,MovilSE,46
24/02/19,PortalGZ,1
24/02/19,PortalGZ,3
24/02/19,UB,1
24/02/19,UB,3
24/02/18,UB,18
24/02/18,MovilSE,204
24/02/18,PortalGZ,11
24/01/20,MovilSE,1
24/01/20,MovilSE,401
24/01/20,UB,32
24/01/20,CALL CENTER,1
24/01/20,MovilGZ,19
24/01/20,PortalGZ,1
24/01/20,PortalGZ,20
24/01/19,MovilGZ,18
24/01/19,PortalGZ,45
24/01/19,CALL CENTER,1
24/01/19,MovilSE,489
24/01/19,UB,3
24/01/19,UB,35
24/01/18,PortalGZ,111
24/01/18,MovilSE,628
24/01/18,UB,39
23/12/19,MovilGZ,9
23/12/19,MovilSE,450
23/12/19,PortalGZ,20
23/12/19,UB,15
23/12/18,MovilSE,17
23/12/18,PortalGZ,1
23/11/20,CALL CENTER,3
23/11/20,MovilGZ,17
23/11/20,MovilSE,938
23/11/20,PortalGZ,48
23/11/20,UB,92
23/11/19,MovilGZ,5
23/11/19,MovilSE,58
23/11/19,PortalGZ,2
23/11/19,UB,6
23/11/18,MovilSE,573
23/11/18,UB,37
23/11/18,CALL CENTER,2
23/11/18,MovilGZ,8
23/11/18,PortalGZ,63
23/10/20,CALL CENTER,1
23/10/20,PortalGZ,12
23/10/20,MovilGZ,8
23/10/20,MovilSE,297
23/10/20,UB,124
23/10/19,CALL CENTER,2
23/10/19,MovilSE,804
23/10/19,PortalGZ,35
23/10/19,MovilGZ,30
23/10/19,UB,54
23/10/18,MovilGZ,1
23/10/18,MovilSE,654
23/10/18,CALL CENTER,2
23/10/18,PortalGZ,55
23/10/18,UB,34
23/09/20,CALL CENTER,1
23/09/20,MovilSE,521
23/09/20,PortalGZ,21
23/09/20,UB,100
23/09/20,MovilGZ,12
23/09/19,CALL CENTER,1
23/09/19,MovilGZ,9
23/09/19,MovilSE,235
23/09/19,PortalGZ,10
23/09/19,UB,21
23/09/18,MovilSE,15
23/09/18,PortalGZ,1
23/08/20,CALL CENTER,1
23/08/20,MovilSE,17
23/08/20,UB,4
23/08/20,MovilGZ,1
23/08/19,CALL CENTER,3
23/08/19,MovilGZ,33
23/08/19,MovilSE,1
23/08/19,MovilSE,740
23/08/19,UB,37
23/08/19,PortalGZ,51
23/08/18,CALL CENTER,1
23/08/18,MovilSE,768
23/08/18,PortalGZ,72
23/08/18,UB,53
23/07/20,CALL CENTER,3
23/07/20,MovilSE,743
23/07/20,MovilGZ,15
23/07/20,PortalGZ,27
23/07/20,UB,141
23/07/19,CALL CENTER,1
23/07/19,MovilGZ,22
23/07/19,PortalGZ,32
23/07/19,MovilSE,467
23/07/19,UB,28
23/07/18,MovilSE,605
23/07/18,CALL CENTER,1
23/07/18,PortalGZ,59
23/07/18,UB,32
23/06/20,CALL CENTER,1
23/06/20,MovilGZ,4
23/06/20,MovilSE,330
23/06/20,UB,110
23/06/20,PortalGZ,16
23/06/19,PortalGZ,4
23/06/19,MovilSE,20
23/06/19,UB,2
23/06/18,PortalGZ,6
23/06/18,UB,5
23/06/18,MovilSE,100
23/05/20,MovilGZ,3
23/05/20,MovilSE,79
23/05/20,CALL CENTER,1
23/05/20,PortalGZ,4
23/05/20,UB,15
23/05/19,MovilSE,631
23/05/19,CALL CENTER,1
23/05/19,MovilGZ,18
23/05/19,PortalGZ,50
23/05/19,UB,34
23/05/18,MovilSE,205
23/05/18,CALL CENTER,1
23/05/18,PortalGZ,40
23/05/18,UB,22
23/04/20,CALL CENTER,6
23/04/20,PortalGZ,14
23/04/20,MovilGZ,1
23/04/20,MovilSE,66
23/04/20,UB,31
23/04/19,MovilSE,4
23/04/19,MovilSE,809
23/04/19,UB,49
23/04/19,CALL CENTER,1
23/04/19,MovilGZ,12
23/04/19,PortalGZ,43
23/04/18,PortalGZ,45
23/04/18,UB,61
23/04/18,CALL CENTER,2
23/04/18,MovilSE,769
23/03/20,CALL CENTER,1
23/03/20,MovilGZ,1
23/03/20,MovilSE,5
23/03/19,MovilGZ,3
23/03/19,UB,3
23/03/19,MovilSE,43
23/03/18,MovilSE,322
23/03/18,PortalGZ,46
23/03/18,UB,30
23/02/20,MovilGZ,1
23/02/20,MovilSE,17
23/02/20,UB,8
23/02/20,PortalGZ,2
23/02/19,MovilGZ,2
23/02/19,PortalGZ,9
23/02/19,UB,9
23/02/19,MovilSE,159
23/02/18,MovilSE,673
23/02/18,PortalGZ,97
23/02/18,UB,61
23/01/20,MovilGZ,24
23/01/20,MovilSE,3
23/01/20,MovilSE,453
23/01/20,PortalGZ,44
23/01/20,UB,32
23/01/19,MovilSE,6
23/01/19,PortalGZ,78
23/01/19,UB,23
23/01/19,CALL CENTER,1
23/01/19,MovilGZ,17
23/01/19,MovilSE,550
23/01/19,UB,3
23/01/18,PortalGZ,114
23/01/18,UB,49
23/01/18,MovilSE,777
22/12/19,MovilSE,1
22/12/19,UB,1
22/12/19,MovilGZ,1
22/12/19,MovilSE,15
22/12/19,PortalGZ,2
22/12/18,MovilSE,112
22/12/18,UB,7
22/12/18,MovilGZ,1
22/12/18,PortalGZ,11
22/11/20,MovilSE,24
22/11/20,UB,28
22/11/19,MovilSE,377
22/11/19,PortalGZ,20
22/11/19,UB,26
22/11/19,MovilGZ,14
22/11/19,MovilSE,3
22/11/18,CALL CENTER,1
22/11/18,MovilSE,575
22/11/18,PortalGZ,57
22/11/18,UB,41
22/11/18,MovilGZ,3
22/10/20,MovilSE,254
22/10/20,MovilGZ,11
22/10/20,PortalGZ,17
22/10/20,UB,137
22/10/19,MovilGZ,21
22/10/19,MovilSE,3
22/10/19,MovilSE,811
22/10/19,UB,1
22/10/19,CALL CENTER,20
22/10/19,PortalGZ,40
22/10/19,UB,58
22/10/18,CALL CENTER,2
22/10/18,MovilGZ,1
22/10/18,MovilSE,543
22/10/18,UB,27
22/10/18,PortalGZ,47
22/09/20,MovilGZ,11
22/09/20,PortalGZ,20
22/09/20,CALL CENTER,1
22/09/20,MovilSE,590
22/09/20,UB,114
22/09/19,MovilSE,6
22/09/19,UB,1
22/09/18,MovilSE,99
22/09/18,PortalGZ,9
22/09/18,UB,3
22/08/20,MovilSE,86
22/08/20,PortalGZ,3
22/08/20,UB,56
22/08/20,MovilGZ,1
22/08/19,CALL CENTER,3
22/08/19,MovilSE,1
22/08/19,MovilSE,867
22/08/19,PortalGZ,37
22/08/19,UB,47
22/08/19,MovilGZ,23
22/08/18,CALL CENTER,2
22/08/18,MovilSE,625
22/08/18,PortalGZ,63
22/08/18,UB,48
22/07/20,CALL CENTER,2
22/07/20,MovilGZ,16
22/07/20,MovilSE,671
22/07/20,UB,172
22/07/20,PortalGZ,18
22/07/19,CALL CENTER,2
22/07/19,MovilSE,1
22/07/19,PortalGZ,29
22/07/19,UB,31
22/07/19,MovilGZ,19
22/07/19,MovilSE,478
22/07/18,UB,4
22/07/18,MovilSE,25
22/07/18,PortalGZ,1
22/06/20,MovilSE,39
22/06/20,PortalGZ,2
22/06/20,UB,21
22/06/20,MovilGZ,4
22/06/19,MovilGZ,3
22/06/19,MovilSE,94
22/06/19,PortalGZ,9
22/06/19,UB,7
22/06/18,MovilSE,545
22/06/18,PortalGZ,47
22/06/18,UB,26
22/06/18,CALL CENTER,1
22/05/20,MovilSE,365
22/05/20,PortalGZ,23
22/05/20,CALL CENTER,2
22/05/20,MovilGZ,18
22/05/20,UB,67
22/05/19,CALL CENTER,3
22/05/19,MovilGZ,11
22/05/19,MovilSE,1
22/05/19,PortalGZ,36
22/05/19,MovilSE,601
22/05/19,UB,38
22/05/18,CALL CENTER,2
22/05/18,MovilSE,455
22/05/18,PortalGZ,71
22/05/18,UB,30
22/04/20,MovilGZ,5
22/04/20,MovilSE,87
22/04/20,PortalGZ,7
22/04/20,CALL CENTER,6
22/04/20,UB,29
22/04/19,MovilGZ,7
22/04/19,MovilSE,680
22/04/19,PortalGZ,30
22/04/19,UB,32
22/04/18,PortalGZ,5
22/04/18,MovilSE,50
22/04/18,UB,7
22/03/20,UB,2
22/03/20,MovilSE,2
22/03/19,MovilSE,423
22/03/19,PortalGZ,23
22/03/19,CALL CENTER,2
22/03/19,MovilGZ,10
22/03/19,MovilSE,1
22/03/19,UB,26
22/03/18,MovilSE,482
22/03/18,PortalGZ,81
22/03/18,UB,44
22/02/20,MovilGZ,4
22/02/20,PortalGZ,4
22/02/20,UB,8
22/02/20,MovilSE,97
22/02/19,CALL CENTER,2
22/02/19,MovilGZ,11
22/02/19,MovilSE,1
22/02/19,MovilSE,661
22/02/19,PortalGZ,32
22/02/19,UB,1
22/02/19,UB,38
22/02/18,MovilSE,677
22/02/18,PortalGZ,75
22/02/18,UB,66
22/01/20,MovilSE,2
22/01/20,UB,47
22/01/20,MovilGZ,25
22/01/20,MovilSE,565
22/01/20,PortalGZ,40
22/01/20,UB,1
22/01/19,MovilGZ,1
22/01/19,MovilSE,2
22/01/19,MovilSE,659
22/01/19,PortalGZ,66
22/01/19,UB,3
22/01/19,UB,40
22/01/19,CALL CENTER,3
22/01/19,MovilGZ,10
22/01/18,PortalGZ,114
22/01/18,MovilSE,841
22/01/18,UB,41
21/12/19,CALL CENTER,1
21/12/19,MovilGZ,5
21/12/19,MovilSE,137
21/12/19,PortalGZ,3
21/12/19,UB,11
21/12/18,MovilGZ,4
21/12/18,MovilSE,424
21/12/18,PortalGZ,44
21/12/18,UB,14
21/11/20,MovilSE,66
21/11/20,PortalGZ,1
21/11/20,UB,51
21/11/19,MovilSE,509
21/11/19,PortalGZ,23
21/11/19,UB,31
21/11/19,CALL CENTER,2
21/11/19,MovilGZ,28
21/11/18,CALL CENTER,2
21/11/18,MovilSE,715
21/11/18,PortalGZ,86
21/11/18,UB,31
21/11/18,MovilGZ,1
21/10/20,MovilGZ,9
21/10/20,MovilSE,310
21/10/20,PortalGZ,14
21/10/20,UB,141
21/10/19,CALL CENTER,3
21/10/19,MovilGZ,20
21/10/19,MovilSE,723
21/10/19,PortalGZ,26
21/10/19,UB,36
21/10/18,MovilSE,38
21/10/18,PortalGZ,5
21/10/18,UB,3
21/09/20,PortalGZ,26
21/09/20,UB,79
21/09/20,MovilGZ,18
21/09/20,MovilSE,597
21/09/19,PortalGZ,2
21/09/19,MovilSE,24
21/09/19,UB,1
21/09/18,MovilGZ,2
21/09/18,PortalGZ,83
21/09/18,UB,29
21/09/18,CALL CENTER,4
21/09/18,MovilSE,566
21/08/20,MovilGZ,17
21/08/20,MovilSE,557
21/08/20,PortalGZ,35
21/08/20,CALL CENTER,1
21/08/20,UB,136
21/08/19,CALL CENTER,1
21/08/19,MovilGZ,26
21/08/19,MovilSE,903
21/08/19,PortalGZ,36
21/08/19,UB,57
21/08/18,PortalGZ,52
21/08/18,UB,62
21/08/18,CALL CENTER,2
21/08/18,MovilSE,671
21/07/20,CALL CENTER,2
21/07/20,MovilGZ,10
21/07/20,MovilSE,652
21/07/20,UB,117
21/07/20,MovilSE,1
21/07/20,PortalGZ,16
21/07/19,CALL CENTER,1
21/07/19,MovilGZ,1
21/07/19,MovilSE,21
21/07/19,UB,2
21/07/18,UB,6
21/07/18,MovilSE,87
21/07/18,PortalGZ,3
21/06/19,MovilSE,1
21/06/19,MovilSE,633
21/06/19,PortalGZ,48
21/06/19,CALL CENTER,2
21/06/19,MovilGZ,17
21/06/19,UB,29
21/06/18,UB,31
21/06/18,CALL CENTER,1
21/06/18,MovilSE,621
21/06/18,PortalGZ,52
21/05/20,MovilGZ,7
21/05/20,MovilSE,488
21/05/20,UB,66
21/05/20,CALL CENTER,4
21/05/20,PortalGZ,29
21/05/19,MovilGZ,18
21/05/19,MovilSE,638
21/05/19,PortalGZ,2
21/05/19,PortalGZ,47
21/05/19,UB,33
21/05/18,PortalGZ,92
21/05/18,CALL CENTER,1
21/05/18,MovilSE,730
21/05/18,UB,33
21/04/20,CALL CENTER,1
21/04/20,MovilGZ,6
21/04/20,MovilSE,63
21/04/20,PortalGZ,8
21/04/20,UB,27
21/04/19,MovilGZ,1
21/04/19,MovilSE,48
21/04/19,PortalGZ,1
21/04/19,UB,3
21/04/18,PortalGZ,2
21/04/18,UB,8
21/04/18,MovilSE,53
21/03/20,MovilSE,61
21/03/20,MovilGZ,3
21/03/20,PortalGZ,7
21/03/20,UB,9
21/03/19,UB,25
21/03/19,CALL CENTER,1
21/03/19,MovilGZ,14
21/03/19,MovilSE,492
21/03/19,PortalGZ,34
21/03/18,MovilSE,817
21/03/18,UB,49
21/03/18,PortalGZ,86
21/02/20,MovilGZ,18
21/02/20,MovilSE,1
21/02/20,MovilSE,531
21/02/20,PortalGZ,22
21/02/20,CALL CENTER,1
21/02/20,MovilGZ,1
21/02/20,UB,34
21/02/19,CALL CENTER,5
21/02/19,MovilGZ,10
21/02/19,PortalGZ,41
21/02/19,UB,1
21/02/19,UB,44
21/02/19,MovilSE,2
21/02/19,MovilSE,738
21/02/18,UB,80
21/02/18,MovilSE,648
21/02/18,PortalGZ,58
21/01/20,MovilGZ,22
21/01/20,MovilSE,3
21/01/20,MovilSE,623
21/01/20,PortalGZ,39
21/01/20,UB,60
21/01/20,PortalGZ,1
21/01/20,UB,3
21/01/19,MovilSE,4
21/01/19,PortalGZ,63
21/01/19,UB,3
21/01/19,CALL CENTER,1
21/01/19,MovilGZ,12
21/01/19,MovilSE,754
21/01/19,PortalGZ,1
21/01/19,UB,35
21/01/18,MovilSE,35
21/01/18,UB,2
21/01/18,PortalGZ,1
20/12/19,CALL CENTER,2
20/12/19,MovilGZ,7
20/12/19,MovilSE,353
20/12/19,UB,15
20/12/19,PortalGZ,22
20/12/18,MovilSE,583
20/12/18,PortalGZ,57
20/12/18,MovilGZ,5
20/12/18,UB,22
20/11/20,PortalGZ,39
20/11/20,MovilGZ,13
20/11/20,MovilSE,961
20/11/20,UB,98
20/11/19,MovilSE,610
20/11/19,PortalGZ,35
20/11/19,CALL CENTER,1
20/11/19,MovilGZ,22
20/11/19,UB,39
20/11/18,CALL CENTER,1
20/11/18,MovilGZ,3
20/11/18,PortalGZ,67
20/11/18,UB,51
20/11/18,MovilSE,674
20/10/20,CALL CENTER,1
20/10/20,MovilGZ,12
20/10/20,MovilSE,389
20/10/20,PortalGZ,20
20/10/20,UB,168
20/10/19,MovilGZ,1
20/10/19,UB,3
20/10/19,MovilSE,62
20/10/19,PortalGZ,1
20/10/18,MovilSE,102
20/10/18,PortalGZ,4
20/10/18,UB,7
20/09/20,MovilGZ,1
20/09/20,MovilSE,5
20/09/20,PortalGZ,1
20/09/20,UB,42
20/09/19,MovilGZ,8
20/09/19,MovilSE,325
20/09/19,PortalGZ,19
20/09/19,UB,1
20/09/19,UB,18
20/09/18,MovilSE,577
20/09/18,PortalGZ,68
20/09/18,UB,29
20/08/20,MovilGZ,13
20/08/20,MovilSE,597
20/08/20,PortalGZ,30
20/08/20,UB,149
20/08/20,MovilSE,2
20/08/19,MovilSE,727
20/08/19,CALL CENTER,1
20/08/19,MovilGZ,11
20/08/19,PortalGZ,19
20/08/19,UB,31
20/08/18,MovilSE,31
20/08/18,PortalGZ,1
20/08/18,UB,2
20/07/20,MovilSE,116
20/07/20,PortalGZ,5
20/07/20,MovilGZ,4
20/07/20,UB,70
20/07/19,MovilGZ,2
20/07/19,MovilSE,83
20/07/19,UB,6
20/07/19,PortalGZ,2
20/07/18,CALL CENTER,1
20/07/18,PortalGZ,8
20/07/18,MovilSE,122
20/07/18,UB,6
20/06/20,MovilSE,36
20/06/20,PortalGZ,2
20/06/20,UB,5
20/06/19,CALL CENTER,2
20/06/19,MovilSE,964
20/06/19,PortalGZ,55
20/06/19,MovilGZ,22
20/06/19,UB,43
20/06/18,CALL CENTER,1
20/06/18,PortalGZ,99
20/06/18,MovilSE,654
20/06/18,UB,49
20/05/20,MovilGZ,14
20/05/20,CALL CENTER,4
20/05/20,MovilSE,473
20/05/20,PortalGZ,30
20/05/20,UB,99
20/05/19,MovilGZ,16
20/05/19,MovilSE,1
20/05/19,MovilSE,815
20/05/19,PortalGZ,55
20/05/19,CALL CENTER,1
20/05/19,UB,45
20/05/18,PortalGZ,3
20/05/18,MovilSE,25
20/05/18,UB,1
20/04/20,CALL CENTER,1
20/04/20,MovilSE,90
20/04/20,PortalGZ,7
20/04/20,MovilGZ,8
20/04/20,UB,35
20/04/19,MovilSE,44
20/04/19,PortalGZ,1
20/04/19,UB,2
20/04/18,CALL CENTER,2
20/04/18,MovilSE,386
20/04/18,PortalGZ,25
20/04/18,UB,25
20/03/20,MovilGZ,8
20/03/20,PortalGZ,10
20/03/20,CALL CENTER,8
20/03/20,MovilSE,215
20/03/20,UB,21
20/03/19,PortalGZ,28
20/03/19,CALL CENTER,1
20/03/19,MovilGZ,9
20/03/19,MovilSE,551
20/03/19,UB,33
20/03/18,MovilSE,1010
20/03/18,UB,51
20/03/18,PortalGZ,84
20/02/20,MovilSE,651
20/02/20,UB,67
20/02/20,CALL CENTER,2
20/02/20,MovilGZ,21
20/02/20,MovilSE,4
20/02/20,PortalGZ,47
20/02/20,UB,2
20/02/19,MovilGZ,11
20/02/19,MovilSE,2
20/02/19,PortalGZ,13
20/02/19,UB,41
20/02/19,CALL CENTER,1
20/02/19,MovilSE,472
20/02/18,MovilSE,106
20/02/18,PortalGZ,9
20/02/18,UB,10
20/01/20,MovilGZ,39
20/01/20,MovilSE,6
20/01/20,PortalGZ,33
20/01/20,UB,1
20/01/20,UB,3
20/01/20,CALL CENTER,1
20/01/20,MovilSE,688
20/01/20,PortalGZ,2
20/01/20,UB,73
20/01/19,MovilSE,47
20/01/19,PortalGZ,3
20/01/19,UB,3
20/01/19,UB,1
20/01/18,PortalGZ,10
20/01/18,UB,10
20/01/18,MovilSE,124
19/12/19,MovilGZ,10
19/12/19,MovilSE,413
19/12/19,CALL CENTER,1
19/12/19,PortalGZ,16
19/12/19,UB,19
19/12/18,CALL CENTER,1
19/12/18,MovilGZ,11
19/12/18,MovilSE,578
19/12/18,PortalGZ,59
19/12/18,UB,26
19/11/20,CALL CENTER,2
19/11/20,PortalGZ,34
19/11/20,MovilGZ,17
19/11/20,MovilSE,948
19/11/20,UB,112
19/11/19,MovilGZ,21
19/11/19,MovilSE,687
19/11/19,PortalGZ,28
19/11/19,UB,48
19/11/18,CALL CENTER,1
19/11/18,MovilSE,875
19/11/18,PortalGZ,59
19/11/18,UB,67
19/11/18,MovilGZ,3
19/10/20,MovilGZ,12
19/10/20,UB,145
19/10/20,CALL CENTER,4
19/10/20,MovilSE,524
19/10/20,PortalGZ,17
19/10/19,CALL CENTER,1
19/10/19,MovilSE,153
19/10/19,PortalGZ,4
19/10/19,MovilGZ,4
19/10/19,UB,5
19/10/18,CALL CENTER,2
19/10/18,MovilSE,311
19/10/18,PortalGZ,38
19/10/18,UB,22
19/09/20,UB,38
19/09/20,MovilGZ,2
19/09/20,MovilSE,35
19/09/20,PortalGZ,1
19/09/19,PortalGZ,26
19/09/19,UB,29
19/09/19,CALL CENTER,1
19/09/19,MovilGZ,17
19/09/19,MovilSE,456
19/09/18,CALL CENTER,1
19/09/18,MovilGZ,1
19/09/18,MovilSE,365
19/09/18,PortalGZ,31
19/09/18,UB,21
19/08/20,MovilGZ,15
19/08/20,UB,147
19/08/20,CALL CENTER,1
19/08/20,MovilSE,2
19/08/20,MovilSE,669
19/08/20,PortalGZ,32
19/08/19,UB,3
19/08/19,MovilSE,46
19/08/18,MovilSE,14
19/07/20,UB,28
19/07/19,CALL CENTER,1
19/07/19,PortalGZ,22
19/07/19,MovilGZ,15
19/07/19,MovilSE,1
19/07/19,MovilSE,477
19/07/19,UB,26
19/07/18,MovilGZ,3
19/07/18,MovilSE,695
19/07/18,PortalGZ,72
19/07/18,UB,45
19/06/20,UB,64
19/06/20,CALL CENTER,2
19/06/20,MovilGZ,12
19/06/20,MovilSE,228
19/06/20,PortalGZ,21
19/06/19,MovilSE,1
19/06/19,UB,31
19/06/19,MovilGZ,22
19/06/19,MovilSE,775
19/06/19,PortalGZ,44
19/06/18,CALL CENTER,1
19/06/18,MovilSE,656
19/06/18,UB,30
19/06/18,PortalGZ,100
19/05/20,CALL CENTER,5
19/05/20,UB,106
19/05/20,MovilGZ,24
19/05/20,MovilSE,553
19/05/20,PortalGZ,36
19/05/19,MovilSE,36
19/05/19,PortalGZ,6
19/05/19,UB,1
19/05/19,MovilGZ,1
19/05/18,PortalGZ,8
19/05/18,UB,3
19/05/18,MovilSE,100
19/04/20,MovilGZ,1
19/04/20,MovilSE,5
19/04/20,UB,4
19/04/19,MovilSE,9
19/04/18,MovilSE,409
19/04/18,CALL CENTER,3
19/04/18,PortalGZ,19
19/04/18,UB,30
19/03/20,MovilGZ,26
19/03/20,PortalGZ,25
19/03/20,CALL CENTER,5
19/03/20,MovilSE,368
19/03/20,UB,34
19/03/19,CALL CENTER,1
19/03/19,MovilGZ,15
19/03/19,MovilSE,718
19/03/19,UB,1
19/03/19,UB,40
19/03/19,PortalGZ,37
19/03/18,PortalGZ,2
19/03/18,UB,8
19/03/18,MovilSE,61
19/02/20,MovilGZ,27
19/02/20,MovilSE,593
19/02/20,PortalGZ,28
19/02/20,UB,39
19/02/20,CALL CENTER,1
19/02/19,MovilGZ,10
19/02/19,MovilSE,1
19/02/19,UB,1
19/02/19,CALL CENTER,2
19/02/19,MovilSE,345
19/02/19,PortalGZ,23
19/02/19,UB,47
19/02/18,MovilSE,361
19/02/18,PortalGZ,58
19/02/18,UB,40
19/01/20,CALL CENTER,1
19/01/20,MovilGZ,1
19/01/20,MovilSE,13
19/01/20,PortalGZ,2
19/01/20,UB,2
19/01/19,MovilSE,1
19/01/19,PortalGZ,15
19/01/19,UB,1
19/01/19,UB,9
19/01/19,MovilGZ,1
19/01/19,MovilSE,116
19/01/18,MovilSE,608
19/01/18,PortalGZ,94
19/01/18,UB,60
18/12/19,MovilSE,512
18/12/19,MovilGZ,8
18/12/19,PortalGZ,15
18/12/19,UB,25
18/12/18,MovilSE,486
18/12/18,MovilGZ,23
18/12/18,PortalGZ,27
18/12/18,UB,33
18/11/20,CALL CENTER,2
18/11/20,MovilGZ,13
18/11/20,MovilSE,928
18/11/20,PortalGZ,28
18/11/20,UB,105
18/11/19,MovilSE,860
18/11/19,PortalGZ,37
18/11/19,UB,42
18/11/19,CALL CENTER,2
18/11/19,MovilGZ,20
18/11/18,MovilSE,33
18/11/18,PortalGZ,2
18/11/18,UB,1
18/10/20,MovilSE,11
18/10/20,UB,46
18/10/19,MovilGZ,12
18/10/19,PortalGZ,16
18/10/19,UB,21
18/10/19,CALL CENTER,2
18/10/19,MovilSE,379
18/10/18,MovilSE,388
18/10/18,CALL CENTER,1
18/10/18,PortalGZ,48
18/10/18,UB,24
18/09/20,CALL CENTER,1
18/09/20,MovilGZ,9
18/09/20,UB,75
18/09/20,MovilSE,379
18/09/20,PortalGZ,13
18/09/19,PortalGZ,27
18/09/19,MovilGZ,13
18/09/19,MovilSE,453
18/09/19,UB,33
18/09/18,MovilGZ,2
18/09/18,MovilSE,636
18/09/18,PortalGZ,81
18/09/18,UB,39
18/08/20,CALL CENTER,3
18/08/20,UB,197
18/08/20,MovilGZ,28
18/08/20,MovilSE,755
18/08/20,PortalGZ,29
18/08/19,UB,1
18/08/19,MovilSE,32
18/08/18,UB,3
18/08/18,MovilSE,69
18/08/18,PortalGZ,5
18/07/20,PortalGZ,1
18/07/20,UB,27
18/07/20,MovilSE,53
18/07/19,MovilSE,1
18/07/19,UB,43
18/07/19,CALL CENTER,1
18/07/19,MovilGZ,15
18/07/19,MovilSE,580
18/07/19,PortalGZ,41
18/07/18,CALL CENTER,2
18/07/18,UB,47
18/07/18,MovilGZ,3
18/07/18,MovilSE,751
18/07/18,PortalGZ,85
18/06/20,PortalGZ,19
18/06/20,UB,71
18/06/20,CALL CENTER,1
18/06/20,MovilGZ,9
18/06/20,MovilSE,238
18/06/19,MovilGZ,18
18/06/19,UB,39
18/06/19,MovilSE,831
18/06/19,PortalGZ,1
18/06/19,PortalGZ,35
18/06/19,UB,1
18/06/18,PortalGZ,40
18/06/18,MovilSE,668
18/06/18,UB,31
18/05/20,CALL CENTER,3
18/05/20,MovilGZ,20
18/05/20,PortalGZ,27
18/05/20,MovilSE,575
18/05/20,UB,98
18/05/19,MovilSE,97
18/05/19,UB,3
18/05/19,CALL CENTER,2
18/05/19,MovilGZ,3
18/05/19,PortalGZ,5
18/05/18,CALL CENTER,1
18/05/18,MovilSE,847
18/05/18,PortalGZ,100
18/05/18,UB,26
18/04/20,MovilGZ,1
18/04/20,PortalGZ,1
18/04/20,UB,9
18/04/20,MovilSE,11
18/04/19,MovilSE,40
18/04/19,UB,1
18/04/18,PortalGZ,39
18/04/18,UB,31
18/04/18,CALL CENTER,1
18/04/18,MovilSE,413
18/03/20,CALL CENTER,6
18/03/20,MovilGZ,27
18/03/20,UB,22
18/03/20,MovilSE,1
18/03/20,MovilSE,342
18/03/20,PortalGZ,18
18/03/19,CALL CENTER,3
18/03/19,MovilGZ,33
18/03/19,PortalGZ,46
18/03/19,MovilSE,1
18/03/19,MovilSE,782
18/03/19,UB,37
18/03/18,PortalGZ,3
18/03/18,MovilSE,16
18/03/18,UB,4
18/02/20,MovilGZ,27
18/02/20,CALL CENTER,2
18/02/20,MovilSE,531
18/02/20,PortalGZ,32
18/02/20,UB,39
18/02/19,CALL CENTER,2
18/02/19,MovilGZ,3
18/02/19,MovilSE,1
18/02/19,MovilSE,358
18/02/19,PortalGZ,34
18/02/19,UB,29
18/02/18,MovilSE,19
18/02/18,PortalGZ,4
18/02/18,UB,4
18/01/20,MovilGZ,8
18/01/20,MovilSE,1
18/01/20,MovilSE,136
18/01/20,PortalGZ,6
18/01/20,UB,14
18/01/19,MovilGZ,6
18/01/19,MovilSE,7
18/01/19,PortalGZ,40
18/01/19,MovilSE,530
18/01/19,UB,2
18/01/19,UB,26
18/01/18,UB,59
18/01/18,MovilSE,662
18/01/18,PortalGZ,95
17/12/19,CALL CENTER,1
17/12/19,MovilSE,1
17/12/19,MovilSE,589
17/12/19,MovilGZ,25
17/12/19,PortalGZ,29
17/12/19,UB,24
17/12/18,MovilGZ,26
17/12/18,PortalGZ,18
17/12/18,CALL CENTER,3
17/12/18,MovilSE,522
17/12/18,UB,35
17/11/20,MovilGZ,9
17/11/20,PortalGZ,21
17/11/20,UB,122
17/11/20,MovilSE,882
17/11/19,MovilSE,22
17/11/19,PortalGZ,2
17/11/19,UB,1
17/11/18,PortalGZ,13
17/11/18,CALL CENTER,1
17/11/18,MovilSE,118
17/11/18,UB,14
17/10/20,MovilSE,42
17/10/20,PortalGZ,1
17/10/20,MovilGZ,4
17/10/20,UB,43
17/10/19,CALL CENTER,3
17/10/19,MovilGZ,10
17/10/19,MovilSE,336
17/10/19,PortalGZ,28
17/10/19,UB,23
17/10/18,CALL CENTER,2
17/10/18,MovilSE,395
17/10/18,UB,20
17/10/18,MovilGZ,1
17/10/18,PortalGZ,67
17/09/20,CALL CENTER,1
17/09/20,MovilGZ,16
17/09/20,MovilSE,477
17/09/20,PortalGZ,20
17/09/20,UB,82
17/09/19,MovilGZ,32
17/09/19,MovilSE,583
17/09/19,CALL CENTER,3
17/09/19,PortalGZ,48
17/09/19,UB,26
17/09/18,CALL CENTER,1
17/09/18,MovilSE,669
17/09/18,PortalGZ,59
17/09/18,UB,33
17/08/20,MovilGZ,7
17/08/20,MovilSE,141
17/08/20,UB,55
17/08/20,CALL CENTER,1
17/08/20,PortalGZ,6
17/08/19,MovilGZ,3
17/08/19,MovilSE,208
17/08/19,CALL CENTER,1
17/08/19,PortalGZ,4
17/08/19,UB,9
17/08/18,CALL CENTER,2
17/08/18,PortalGZ,36
17/08/18,MovilSE,232
17/08/18,UB,33
17/07/20,MovilGZ,4
17/07/20,MovilSE,384
17/07/20,PortalGZ,16
17/07/20,MovilSE,2
17/07/20,UB,107
17/07/19,CALL CENTER,1
17/07/19,MovilSE,573
17/07/19,PortalGZ,43
17/07/19,UB,1
17/07/19,UB,35
17/07/19,MovilGZ,25
17/07/18,MovilSE,867
17/07/18,PortalGZ,87
17/07/18,UB,35
17/07/18,MovilGZ,1
17/06/20,MovilSE,368
17/06/20,MovilGZ,10
17/06/20,PortalGZ,19
17/06/20,UB,87
17/06/19,CALL CENTER,4
17/06/19,MovilGZ,9
17/06/19,UB,33
17/06/19,MovilSE,792
17/06/19,PortalGZ,32
17/06/18,UB,5
17/06/18,MovilSE,41
17/06/18,PortalGZ,3
17/05/20,MovilGZ,1
17/05/20,MovilSE,37
17/05/20,CALL CENTER,1
17/05/20,PortalGZ,3
17/05/20,UB,9
17/05/19,MovilGZ,9
17/05/19,MovilSE,657
17/05/19,PortalGZ,34
17/05/19,UB,31
17/05/19,CALL CENTER,5
17/05/19,MovilSE,1
17/05/18,CALL CENTER,1
17/05/18,PortalGZ,91
17/05/18,UB,14
17/05/18,MovilGZ,1
17/05/18,MovilSE,1059
17/04/20,UB,29
17/04/20,MovilGZ,3
17/04/20,MovilSE,81
17/04/20,PortalGZ,9
17/04/19,CALL CENTER,1
17/04/19,MovilSE,1
17/04/19,MovilSE,282
17/04/19,PortalGZ,1
17/04/19,PortalGZ,17
17/04/19,UB,1
17/04/19,MovilGZ,7
17/04/19,UB,26
17/04/18,CALL CENTER,1
17/04/18,PortalGZ,52
17/04/18,MovilSE,359
17/04/18,UB,19
17/03/20,MovilGZ,34
17/03/20,CALL CENTER,5
17/03/20,MovilSE,708
17/03/20,PortalGZ,40
17/03/20,UB,61
17/03/19,PortalGZ,4
17/03/19,MovilSE,41
17/03/19,UB,3
17/03/18,MovilSE,107
17/03/18,UB,5
17/03/18,PortalGZ,10
17/02/20,CALL CENTER,2
17/02/20,MovilSE,753
17/02/20,PortalGZ,41
17/02/20,MovilGZ,28
17/02/20,UB,42
17/02/19,MovilSE,28
17/02/18,MovilSE,37
17/02/18,PortalGZ,3
17/02/18,UB,7
17/01/20,MovilGZ,30
17/01/20,PortalGZ,3
17/01/20,PortalGZ,45
17/01/20,UB,58
17/01/20,MovilSE,3
17/01/20,MovilSE,636
17/01/20,UB,2
17/01/19,CALL CENTER,1
17/01/19,MovilSE,789
17/01/19,PortalGZ,1
17/01/19,PortalGZ,46
17/01/19,UB,35
17/01/19,MovilGZ,1
17/01/19,MovilGZ,16
17/01/19,MovilSE,8
17/01/19,UB,5
17/01/18,PortalGZ,95
17/01/18,MovilSE,785
17/01/18,UB,80
16/12/19,CALL CENTER,1
16/12/19,MovilGZ,11
16/12/19,MovilSE,468
16/12/19,PortalGZ,16
16/12/19,UB,20
16/12/19,MovilSE,1
16/12/18,MovilSE,12
16/12/18,UB,1
16/11/20,MovilSE,45
16/11/20,PortalGZ,2
16/11/20,UB,58
16/11/19,MovilSE,144
16/11/19,PortalGZ,11
16/11/19,UB,8
16/11/19,MovilGZ,1
16/11/18,MovilGZ,5
16/11/18,UB,75
16/11/18,CALL CENTER,2
16/11/18,MovilSE,708
16/11/18,PortalGZ,73
16/10/20,CALL CENTER,1
16/10/20,MovilSE,425
16/10/20,UB,97
16/10/20,MovilGZ,7
16/10/20,PortalGZ,20
16/10/19,MovilSE,329
16/10/19,MovilGZ,14
16/10/19,PortalGZ,29
16/10/19,UB,23
16/10/18,CALL CENTER,1
16/10/18,MovilSE,434
16/10/18,PortalGZ,71
16/10/18,UB,30
16/09/20,MovilGZ,7
16/09/20,MovilSE,509
16/09/20,PortalGZ,18
16/09/20,UB,81
16/09/19,MovilSE,677
16/09/19,UB,54
16/09/19,CALL CENTER,2
16/09/19,MovilGZ,28
16/09/19,PortalGZ,52
16/09/18,MovilSE,37
16/09/18,UB,1
16/09/18,PortalGZ,3
16/08/20,UB,57
16/08/20,MovilSE,5
16/08/19,MovilGZ,8
16/08/19,MovilSE,346
16/08/19,PortalGZ,20
16/08/19,UB,23
16/08/18,PortalGZ,26
16/08/18,UB,23
16/08/18,CALL CENTER,4
16/08/18,MovilSE,212
16/07/20,MovilGZ,8
16/07/20,MovilSE,279
16/07/20,UB,114
16/07/20,CALL CENTER,3
16/07/20,MovilSE,2
16/07/20,PortalGZ,17
16/07/19,CALL CENTER,1
16/07/19,MovilGZ,34
16/07/19,MovilSE,2
16/07/19,MovilSE,760
16/07/19,PortalGZ,42
16/07/19,UB,44
16/07/18,CALL CENTER,4
16/07/18,MovilSE,783
16/07/18,PortalGZ,88
16/07/18,UB,56
16/06/20,MovilGZ,21
16/06/20,MovilSE,486
16/06/20,CALL CENTER,1
16/06/20,PortalGZ,33
16/06/20,UB,131
16/06/19,MovilSE,65
16/06/19,UB,4
16/06/18,MovilSE,141
16/06/18,PortalGZ,4
16/06/18,UB,11
16/05/20,MovilGZ,2
16/05/20,PortalGZ,1
16/05/20,UB,17
16/05/20,CALL CENTER,1
16/05/20,MovilSE,47
16/05/19,CALL CENTER,2
16/05/19,MovilSE,1
16/05/19,PortalGZ,43
16/05/19,UB,44
16/05/19,MovilGZ,12
16/05/19,MovilSE,943
16/05/18,UB,42
16/05/18,CALL CENTER,2
16/05/18,MovilSE,1044
16/05/18,PortalGZ,107
16/04/20,MovilGZ,1
16/04/20,CALL CENTER,3
16/04/20,MovilSE,107
16/04/20,PortalGZ,16
16/04/20,UB,48
16/04/19,MovilGZ,9
16/04/19,MovilSE,330
16/04/19,PortalGZ,30
16/04/19,UB,33
16/04/19,CALL CENTER,4
16/04/18,MovilSE,464
16/04/18,UB,39
16/04/18,CALL CENTER,3
16/04/18,PortalGZ,51
16/03/20,MovilGZ,22
16/03/20,CALL CENTER,5
16/03/20,MovilSE,629
16/03/20,PortalGZ,37
16/03/20,UB,48
16/03/19,PortalGZ,10
16/03/19,UB,11
16/03/19,CALL CENTER,1
16/03/19,MovilSE,121
16/03/18,UB,63
16/03/18,MovilSE,743
16/03/18,PortalGZ,96
16/02/20,MovilSE,43
16/02/20,MovilGZ,1
16/02/20,PortalGZ,3
16/02/19,PortalGZ,2
16/02/19,UB,4
16/02/19,MovilGZ,1
16/02/19,MovilSE,66
16/02/18,MovilSE,280
16/02/18,PortalGZ,58
16/02/18,UB,32
16/01/20,CALL CENTER,1
16/01/20,MovilGZ,37
16/01/20,MovilSE,2
16/01/20,UB,2
16/01/20,UB,57
16/01/20,MovilGZ,1
16/01/20,MovilSE,887
16/01/20,PortalGZ,43
16/01/19,CALL CENTER,3
16/01/19,MovilSE,7
16/01/19,MovilSE,701
16/01/19,UB,5
16/01/19,MovilGZ,7
16/01/19,PortalGZ,46
16/01/19,UB,51
16/01/18,PortalGZ,91
16/01/18,MovilSE,711
16/01/18,UB,57
15/12/19,MovilGZ,1
15/12/19,MovilSE,13
15/12/18,MovilSE,82
15/12/18,PortalGZ,1
15/12/18,MovilGZ,3
15/12/18,UB,12
15/11/20,MovilSE,17
15/11/20,UB,46
15/11/19,CALL CENTER,2
15/11/19,MovilSE,1
15/11/19,MovilSE,673
15/11/19,PortalGZ,42
15/11/19,UB,53
15/11/19,MovilGZ,15
15/11/19,PortalGZ,1
15/11/18,MovilGZ,6
15/11/18,PortalGZ,53
15/11/18,UB,48
15/11/18,CALL CENTER,1
15/11/18,MovilSE,651
15/10/20,MovilGZ,17
15/10/20,PortalGZ,25
15/10/20,UB,115
15/10/20,MovilSE,594
15/10/19,MovilSE,459
15/10/19,PortalGZ,24
15/10/19,CALL CENTER,2
15/10/19,MovilGZ,22
15/10/19,UB,25
15/10/18,PortalGZ,2
15/10/18,MovilSE,19
15/09/20,CALL CENTER,3
15/09/20,MovilSE,603
15/09/20,PortalGZ,25
15/09/20,MovilGZ,10
15/09/20,UB,76
15/09/19,UB,1
15/09/19,MovilSE,17
15/09/18,PortalGZ,2
15/09/18,CALL CENTER,1
15/09/18,MovilSE,99
15/09/18,UB,6
15/08/20,MovilGZ,3
15/08/20,MovilSE,42
15/08/20,PortalGZ,1
15/08/20,UB,46
15/08/19,CALL CENTER,1
15/08/19,MovilGZ,21
15/08/19,MovilSE,390
15/08/19,PortalGZ,15
15/08/19,UB,29
15/08/18,CALL CENTER,12
15/08/18,MovilSE,289
15/08/18,PortalGZ,25
15/08/18,UB,44
15/07/20,CALL CENTER,1
15/07/20,PortalGZ,11
15/07/20,MovilGZ,11
15/07/20,MovilSE,305
15/07/20,UB,137
15/07/19,CALL CENTER,2
15/07/19,MovilGZ,17
15/07/19,MovilSE,753
15/07/19,PortalGZ,45
15/07/19,UB,50
15/07/18,PortalGZ,1
15/07/18,MovilSE,72
15/07/18,UB,1
15/06/20,MovilGZ,10
15/06/20,PortalGZ,26
15/06/20,UB,66
15/06/20,MovilSE,412
15/06/19,MovilSE,1
15/06/19,PortalGZ,8
15/06/19,UB,3
15/06/19,MovilGZ,4
15/06/19,MovilSE,117
15/06/18,CALL CENTER,1
15/06/18,MovilGZ,1
15/06/18,MovilSE,362
15/06/18,PortalGZ,23
15/06/18,UB,34
15/05/20,PortalGZ,6
15/05/20,CALL CENTER,2
15/05/20,MovilGZ,12
15/05/20,MovilSE,228
15/05/20,UB,69
15/05/19,MovilSE,2
15/05/19,PortalGZ,41
15/05/19,UB,48
15/05/19,CALL CENTER,2
15/05/19,MovilGZ,15
15/05/19,MovilSE,777
15/05/18,CALL CENTER,2
15/05/18,UB,55
15/05/18,MovilSE,1067
15/05/18,PortalGZ,94
15/04/20,CALL CENTER,1
15/04/20,PortalGZ,8
15/04/20,UB,34
15/04/20,MovilGZ,3
15/04/20,MovilSE,107
15/04/19,MovilSE,309
15/04/19,PortalGZ,31
15/04/19,UB,28
15/04/19,MovilGZ,7
15/04/19,PortalGZ,1
15/04/18,MovilSE,19
15/04/18,UB,4
15/03/20,MovilGZ,1
15/03/20,UB,3
15/03/20,MovilSE,32
15/03/20,PortalGZ,2
15/03/19,CALL CENTER,1
15/03/19,MovilGZ,13
15/03/19,MovilSE,3
15/03/19,MovilSE,641
15/03/19,PortalGZ,39
15/03/19,UB,42
15/03/18,PortalGZ,76
15/03/18,UB,66
15/03/18,MovilSE,945
15/02/20,MovilGZ,3
15/02/20,MovilSE,127
15/02/20,PortalGZ,1
15/02/20,UB,8
15/02/19,MovilGZ,7
15/02/19,MovilSE,275
15/02/19,PortalGZ,35
15/02/19,UB,24
15/02/19,UB,2
15/02/18,PortalGZ,87
15/02/18,UB,40
15/02/18,MovilSE,489
15/01/20,MovilSE,4
15/01/20,MovilSE,820
15/01/20,UB,42
15/01/20,CALL CENTER,2
15/01/20,MovilGZ,41
15/01/20,PortalGZ,1
15/01/20,PortalGZ,49
15/01/20,UB,4
15/01/19,MovilGZ,8
15/01/19,MovilSE,695
15/01/19,PortalGZ,51
15/01/19,UB,51
15/01/19,MovilSE,5
15/01/19,UB,2
15/01/18,UB,54
15/01/18,MovilSE,631
15/01/18,PortalGZ,72
14/12/19,PortalGZ,3
14/12/19,MovilGZ,3
14/12/19,MovilSE,53
14/12/19,UB,4
14/12/18,CALL CENTER,4
14/12/18,MovilGZ,12
14/12/18,MovilSE,534
14/12/18,PortalGZ,59
14/12/18,UB,32
14/11/20,MovilSE,62
14/11/20,PortalGZ,11
14/11/20,UB,39
14/11/20,MovilGZ,2
14/11/19,CALL CENTER,2
14/11/19,MovilGZ,16
14/11/19,MovilSE,811
14/11/19,PortalGZ,42
14/11/19,UB,43
14/11/18,MovilGZ,1
14/11/18,UB,74
14/11/18,CALL CENTER,1
14/11/18,MovilSE,698
14/11/18,PortalGZ,75
14/10/20,MovilGZ,24
14/10/20,MovilSE,825
14/10/20,PortalGZ,39
14/10/20,CALL CENTER,1
14/10/20,UB,104
14/10/19,MovilSE,13
14/10/19,PortalGZ,2
14/10/18,MovilSE,17
14/10/18,UB,1
14/10/18,PortalGZ,2
14/09/20,CALL CENTER,2
14/09/20,MovilGZ,30
14/09/20,PortalGZ,26
14/09/20,MovilSE,1
14/09/20,MovilSE,836
14/09/20,UB,80
14/09/19,MovilGZ,2
14/09/19,MovilSE,68
14/09/19,PortalGZ,4
14/09/19,UB,11
14/09/18,MovilSE,590
14/09/18,PortalGZ,70
14/09/18,UB,25
14/09/18,CALL CENTER,2
14/08/20,UB,118
14/08/20,CALL CENTER,6
14/08/20,MovilGZ,17
14/08/20,MovilSE,707
14/08/20,PortalGZ,27
14/08/19,MovilSE,267
14/08/19,PortalGZ,24
14/08/19,CALL CENTER,1
14/08/19,MovilGZ,18
14/08/19,UB,22
14/08/18,PortalGZ,70
14/08/18,CALL CENTER,7
14/08/18,MovilSE,386
14/08/18,UB,48
14/07/20,MovilSE,1
14/07/20,UB,103
14/07/20,MovilGZ,6
14/07/20,MovilSE,306
14/07/20,PortalGZ,27
14/07/19,MovilGZ,1
14/07/19,MovilSE,42
14/07/19,PortalGZ,4
14/07/19,UB,3
14/07/18,CALL CENTER,1
14/07/18,PortalGZ,17
14/07/18,UB,9
14/07/18,MovilSE,120
14/06/20,MovilSE,1
14/06/19,MovilGZ,8
14/06/19,MovilSE,308
14/06/19,PortalGZ,9
14/06/19,UB,28
14/06/18,MovilSE,291
14/06/18,UB,36
14/06/18,CALL CENTER,2
14/06/18,PortalGZ,32
14/05/20,PortalGZ,17
14/05/20,UB,78
14/05/20,CALL CENTER,5
14/05/20,MovilGZ,5
14/05/20,MovilSE,176
14/05/19,CALL CENTER,1
14/05/19,MovilGZ,16
14/05/19,MovilSE,2
14/05/19,MovilSE,868
14/05/19,PortalGZ,36
14/05/19,UB,56
14/05/18,PortalGZ,10
14/05/18,MovilSE,65
14/05/18,UB,5
14/04/20,MovilGZ,4
14/04/20,MovilSE,111
14/04/20,PortalGZ,4
14/04/20,UB,36
14/04/20,CALL CENTER,2
14/04/19,PortalGZ,2
14/04/19,MovilSE,17
14/04/19,UB,3
14/04/18,PortalGZ,9
14/04/18,UB,5
14/04/18,MovilSE,55
14/03/20,CALL CENTER,1
14/03/20,MovilGZ,1
14/03/20,MovilSE,92
14/03/20,PortalGZ,4
14/03/20,UB,9
14/03/19,MovilGZ,10
14/03/19,MovilSE,753
14/03/19,PortalGZ,2
14/03/19,UB,34
14/03/19,PortalGZ,64
14/03/18,MovilSE,1011
14/03/18,PortalGZ,86
14/03/18,UB,68
14/02/20,MovilSE,424
14/02/20,UB,32
14/02/20,MovilGZ,30
14/02/20,PortalGZ,23
14/02/19,MovilGZ,11
14/02/19,MovilSE,2
14/02/19,UB,1
14/02/19,CALL CENTER,1
14/02/19,MovilSE,498
14/02/19,PortalGZ,39
14/02/19,UB,31
14/02/18,MovilSE,665
14/02/18,PortalGZ,92
14/02/18,UB,60
14/01/20,MovilGZ,19
14/01/20,UB,2
14/01/20,CALL CENTER,1
14/01/20,MovilSE,2
14/01/20,MovilSE,704
14/01/20,PortalGZ,44
14/01/20,UB,41
14/01/19,CALL CENTER,1
14/01/19,PortalGZ,44
14/01/19,UB,30
14/01/19,MovilGZ,4
14/01/19,MovilSE,14
14/01/19,MovilSE,692
14/01/19,UB,3
14/01/18,PortalGZ,2
14/01/18,MovilSE,80
14/01/18,UB,19
13/12/19,MovilGZ,6
13/12/19,UB,23
13/12/19,MovilSE,326
13/12/19,PortalGZ,22
13/12/18,MovilGZ,13
13/12/18,MovilSE,523
13/12/18,PortalGZ,76
13/12/18,UB,35
13/11/20,CALL CENTER,1
13/11/20,MovilSE,326
13/11/20,PortalGZ,17
13/11/20,UB,81
13/11/20,MovilGZ,7
13/11/19,MovilGZ,20
13/11/19,MovilSE,820
13/11/19,CALL CENTER,2
13/11/19,PortalGZ,26
13/11/19,UB,53
13/11/18,MovilGZ,1
13/11/18,MovilSE,578
13/11/18,PortalGZ,44
13/11/18,CALL CENTER,3
13/11/18,UB,59
13/10/20,MovilGZ,14
13/10/20,MovilSE,919
13/10/20,UB,112
13/10/20,PortalGZ,42
13/10/19,PortalGZ,3
13/10/19,MovilSE,4
13/10/19,UB,1
13/10/18,PortalGZ,9
13/10/18,UB,4
13/10/18,MovilSE,69
13/09/20,MovilSE,2
13/09/20,MovilSE,3
13/09/20,UB,59
13/09/19,CALL CENTER,2
13/09/19,MovilGZ,16
13/09/19,MovilSE,1
13/09/19,PortalGZ,37
13/09/19,UB,32
13/09/19,MovilSE,548
13/09/18,MovilSE,626
13/09/18,CALL CENTER,6
13/09/18,PortalGZ,67
13/09/18,UB,41
13/08/20,MovilGZ,20
13/08/20,MovilSE,750
13/08/20,PortalGZ,27
13/08/20,CALL CENTER,3
13/08/20,MovilSE,1
13/08/20,UB,185
13/08/19,MovilGZ,19
13/08/19,MovilSE,335
13/08/19,PortalGZ,18
13/08/19,MovilSE,1
13/08/19,PortalGZ,1
13/08/19,UB,26
13/08/18,PortalGZ,62
13/08/18,UB,53
13/08/18,MovilSE,421
13/07/20,MovilGZ,8
13/07/20,CALL CENTER,1
13/07/20,MovilSE,370
13/07/20,PortalGZ,15
13/07/20,UB,137
13/07/19,MovilSE,106
13/07/19,UB,7
13/07/19,PortalGZ,3
13/07/18,MovilGZ,2
13/07/18,MovilSE,567
13/07/18,PortalGZ,60
13/07/18,UB,44
13/07/18,CALL CENTER,3
13/06/20,MovilGZ,9
13/06/20,MovilSE,195
13/06/20,UB,29
13/06/20,PortalGZ,14
13/06/19,PortalGZ,20
13/06/19,MovilGZ,15
13/06/19,MovilSE,2
13/06/19,MovilSE,344
13/06/19,UB,22
13/06/18,PortalGZ,56
13/06/18,UB,24
13/06/18,CALL CENTER,1
13/06/18,MovilSE,335
13/05/20,MovilGZ,11
13/05/20,MovilSE,168
13/05/20,PortalGZ,17
13/05/20,CALL CENTER,7
13/05/20,UB,60
13/05/19,MovilGZ,19
13/05/19,CALL CENTER,3
13/05/19,MovilSE,751
13/05/19,PortalGZ,30
13/05/19,UB,35
13/05/18,MovilSE,20
13/05/18,PortalGZ,2
13/05/18,UB,1
13/04/20,CALL CENTER,4
13/04/20,MovilGZ,5
13/04/20,MovilSE,164
13/04/20,PortalGZ,16
13/04/20,UB,62
13/04/19,MovilSE,157
13/04/19,MovilGZ,4
13/04/19,PortalGZ,7
13/04/19,UB,12
13/04/18,CALL CENTER,1
13/04/18,MovilSE,592
13/04/18,PortalGZ,83
13/04/18,UB,27
13/03/20,CALL CENTER,2
13/03/20,MovilGZ,21
13/03/20,PortalGZ,32
13/03/20,MovilSE,524
13/03/20,UB,1
13/03/20,UB,41
13/03/19,MovilSE,758
13/03/19,CALL CENTER,3
13/03/19,MovilGZ,19
13/03/19,PortalGZ,41
13/03/19,UB,1
13/03/19,UB,51
13/03/18,UB,72
13/03/18,MovilSE,977
13/03/18,PortalGZ,102
13/02/20,UB,28
13/02/20,MovilGZ,35
13/02/20,MovilSE,560
13/02/20,PortalGZ,34
13/02/19,MovilGZ,21
13/02/19,MovilSE,2
13/02/19,MovilSE,501
13/02/19,PortalGZ,33
13/02/19,UB,1
13/02/19,CALL CENTER,3
13/02/19,UB,26
13/02/18,MovilSE,671
13/02/18,PortalGZ,102
13/02/18,UB,78
13/01/20,MovilSE,4
13/01/20,MovilSE,711
13/01/20,CALL CENTER,1
13/01/20,MovilGZ,22
13/01/20,PortalGZ,1
13/01/20,PortalGZ,28
13/01/20,UB,1
13/01/20,UB,30
13/01/19,MovilSE,46
13/01/19,PortalGZ,6
13/01/19,UB,3
13/01/18,PortalGZ,19
13/01/18,UB,11
13/01/18,MovilSE,130
12/12/19,CALL CENTER,2
12/12/19,MovilGZ,22
12/12/19,MovilSE,408
12/12/19,PortalGZ,32
12/12/19,UB,21
12/12/18,MovilGZ,21
12/12/18,MovilSE,514
12/12/18,PortalGZ,80
12/12/18,UB,31
12/11/20,MovilGZ,6
12/11/20,MovilSE,253
12/11/20,PortalGZ,14
12/11/20,UB,86
12/11/19,CALL CENTER,1
12/11/19,MovilGZ,22
12/11/19,MovilSE,2
12/11/19,MovilSE,704
12/11/19,PortalGZ,38
12/11/19,UB,41
12/11/18,MovilSE,27
12/11/18,UB,5
12/11/18,PortalGZ,1
12/10/20,MovilSE,30
12/10/20,UB,35
12/10/19,MovilGZ,2
12/10/19,MovilSE,45
12/10/19,UB,2
12/10/18,MovilSE,491
12/10/18,PortalGZ,61
12/10/18,UB,21
12/09/20,MovilGZ,1
12/09/20,MovilSE,52
12/09/20,UB,54
12/09/20,PortalGZ,7
12/09/19,UB,49
12/09/19,MovilGZ,31
12/09/19,MovilSE,1
12/09/19,MovilSE,830
12/09/19,PortalGZ,52
12/09/18,MovilSE,653
12/09/18,CALL CENTER,2
12/09/18,PortalGZ,76
12/09/18,UB,39
12/08/20,CALL CENTER,2
12/08/20,MovilSE,802
12/08/20,PortalGZ,26
12/08/20,MovilGZ,15
12/08/20,UB,164
12/08/19,CALL CENTER,1
12/08/19,MovilGZ,17
12/08/19,MovilSE,399
12/08/19,PortalGZ,22
12/08/19,UB,25
12/08/18,MovilSE,6
12/07/20,MovilSE,1
12/07/20,UB,39
12/07/19,MovilGZ,29
12/07/19,UB,32
12/07/19,MovilSE,489
12/07/19,PortalGZ,42
12/07/18,CALL CENTER,2
12/07/18,MovilSE,684
12/07/18,PortalGZ,73
12/07/18,UB,52
12/06/20,MovilGZ,5
12/06/20,MovilSE,6
12/06/20,PortalGZ,27
12/06/20,UB,92
12/06/20,CALL CENTER,1
12/06/20,MovilSE,519
12/06/19,UB,24
12/06/19,CALL CENTER,1
12/06/19,MovilGZ,25
12/06/19,MovilSE,365
12/06/19,PortalGZ,38
12/06/18,PortalGZ,85
12/06/18,CALL CENTER,1
12/06/18,MovilGZ,4
12/06/18,MovilSE,461
12/06/18,UB,30
12/05/20,MovilGZ,12
12/05/20,MovilSE,182
12/05/20,CALL CENTER,5
12/05/20,MovilSE,1
12/05/20,PortalGZ,12
12/05/20,UB,88
12/05/19,MovilSE,29
12/05/19,UB,1
12/05/18,MovilSE,117
12/05/18,UB,9
12/05/18,PortalGZ,8
12/04/20,MovilSE,4
12/04/20,UB,2
12/04/19,MovilSE,1
12/04/19,MovilGZ,9
12/04/19,MovilSE,342
12/04/19,PortalGZ,33
12/04/19,UB,27
12/04/18,PortalGZ,93
12/04/18,CALL CENTER,2
12/04/18,MovilSE,560
12/04/18,UB,38
12/03/20,CALL CENTER,4
12/03/20,PortalGZ,34
12/03/20,MovilGZ,28
12/03/20,MovilSE,830
12/03/20,UB,69
12/03/19,MovilSE,3
12/03/19,MovilSE,710
12/03/19,PortalGZ,49
12/03/19,MovilGZ,9
12/03/19,UB,45
12/03/18,PortalGZ,76
12/03/18,UB,82
12/03/18,MovilSE,810
12/02/20,MovilGZ,31
12/02/20,MovilSE,546
12/02/20,PortalGZ,55
12/02/20,UB,41
12/02/20,CALL CENTER,3
12/02/19,MovilGZ,19
12/02/19,MovilSE,726
12/02/19,UB,36
12/02/19,CALL CENTER,6
12/02/19,MovilSE,3
12/02/19,PortalGZ,72
12/02/18,UB,98
12/02/18,MovilSE,842
12/02/18,PortalGZ,92
12/01/20,PortalGZ,2
12/01/20,MovilGZ,1
12/01/20,MovilSE,30
12/01/19,MovilSE,2
12/01/19,PortalGZ,5
12/01/19,UB,2
12/01/19,MovilSE,105
12/01/19,UB,8
12/01/18,PortalGZ,34
12/01/18,MovilSE,344
12/01/18,UB,23
11/12/19,MovilSE,490
11/12/19,UB,37
11/12/19,MovilGZ,24
11/12/19,PortalGZ,32
11/12/18,MovilGZ,11
11/12/18,MovilSE,698
11/12/18,PortalGZ,68
11/12/18,CALL CENTER,2
11/12/18,UB,44
11/11/20,MovilGZ,25
11/11/20,PortalGZ,21
11/11/20,MovilSE,296
11/11/20,UB,115
11/11/19,MovilSE,62
11/11/19,PortalGZ,5
11/11/19,UB,3
11/11/19,MovilGZ,1
11/11/18,PortalGZ,1
11/11/18,UB,4
11/11/18,MovilSE,43
11/10/20,MovilSE,7
11/10/20,PortalGZ,2
11/10/20,UB,26
11/10/19,PortalGZ,27
11/10/19,CALL CENTER,1
11/10/19,MovilGZ,11
11/10/19,MovilSE,397
11/10/19,UB,15
11/10/18,CALL CENTER,3
11/10/18,MovilGZ,3
11/10/18,MovilSE,468
11/10/18,UB,33
11/10/18,PortalGZ,68
11/09/20,MovilGZ,12
11/09/20,MovilSE,436
11/09/20,PortalGZ,10
11/09/20,UB,50
11/09/19,CALL CENTER,2
11/09/19,MovilGZ,30
11/09/19,PortalGZ,52
11/09/19,MovilSE,1
11/09/19,MovilSE,830
11/09/19,UB,45
11/09/18,MovilGZ,1
11/09/18,MovilSE,749
11/09/18,PortalGZ,75
11/09/18,UB,50
11/08/20,MovilGZ,16
11/08/20,MovilSE,763
11/08/20,PortalGZ,27
11/08/20,UB,133
11/08/19,MovilSE,27
11/08/19,UB,3
11/08/19,PortalGZ,1
11/08/18,PortalGZ,9
11/08/18,UB,4
11/08/18,MovilSE,51
11/07/20,MovilGZ,1
11/07/20,MovilSE,2
11/07/20,UB,62
11/07/20,MovilSE,27
11/07/20,PortalGZ,2
11/07/19,CALL CENTER,3
11/07/19,MovilSE,841
11/07/19,MovilGZ,26
11/07/19,PortalGZ,1
11/07/19,PortalGZ,57
11/07/19,UB,60
11/07/18,CALL CENTER,2
11/07/18,PortalGZ,76
11/07/18,MovilSE,552
11/07/18,UB,45
11/06/20,PortalGZ,7
11/06/20,UB,111
11/06/20,CALL CENTER,3
11/06/20,MovilGZ,34
11/06/20,MovilSE,563
11/06/19,MovilSE,473
11/06/19,MovilGZ,16
11/06/19,PortalGZ,47
11/06/19,UB,21
11/06/18,MovilSE,15
11/06/18,PortalGZ,3
11/06/18,UB,1
11/05/20,MovilGZ,8
11/05/20,PortalGZ,21
11/05/20,CALL CENTER,3
11/05/20,MovilSE,211
11/05/20,UB,57
11/05/19,MovilSE,109
11/05/19,UB,4
11/05/19,CALL CENTER,1
11/05/19,MovilGZ,1
11/05/19,PortalGZ,6
11/05/18,CALL CENTER,4
11/05/18,MovilSE,645
11/05/18,PortalGZ,68
11/05/18,UB,28
11/04/20,MovilGZ,1
11/04/20,MovilSE,14
11/04/20,UB,3
11/04/20,PortalGZ,1
11/04/19,CALL CENTER,1
11/04/19,MovilGZ,10
11/04/19,MovilSE,543
11/04/19,PortalGZ,44
11/04/19,UB,26
11/04/18,MovilSE,694
11/04/18,PortalGZ,101
11/04/18,UB,35
11/03/20,CALL CENTER,4
11/03/20,MovilGZ,10
11/03/20,MovilSE,727
11/03/20,PortalGZ,28
11/03/20,UB,54
11/03/19,CALL CENTER,3
11/03/19,MovilSE,739
11/03/19,PortalGZ,36
11/03/19,MovilGZ,11
11/03/19,UB,53
11/03/18,MovilSE,59
11/03/18,PortalGZ,4
11/03/18,UB,4
11/02/20,CALL CENTER,2
11/02/20,MovilGZ,17
11/02/20,MovilSE,534
11/02/20,PortalGZ,32
11/02/20,UB,1
11/02/20,UB,53
11/02/19,MovilSE,685
11/02/19,PortalGZ,52
11/02/19,UB,1
11/02/19,MovilGZ,8
11/02/19,MovilSE,1
11/02/19,UB,40
11/02/18,MovilSE,34
11/02/18,PortalGZ,2
11/02/18,UB,2
11/01/20,MovilSE,1
11/01/20,PortalGZ,6
11/01/20,CALL CENTER,1
11/01/20,MovilGZ,6
11/01/20,MovilSE,84
11/01/20,UB,1
11/01/20,UB,4
11/01/19,PortalGZ,23
11/01/19,UB,5
11/01/19,MovilGZ,6
11/01/19,MovilSE,5
11/01/19,MovilSE,421
11/01/19,UB,23
11/01/18,MovilSE,162
11/01/18,PortalGZ,39
11/01/18,UB,11
10/12/19,CALL CENTER,2
10/12/19,PortalGZ,26
10/12/19,UB,28
10/12/19,MovilGZ,15
10/12/19,MovilSE,1
10/12/19,MovilSE,435
10/12/18,MovilGZ,18
10/12/18,MovilSE,637
10/12/18,PortalGZ,64
10/12/18,UB,29
10/12/18,CALL CENTER,2
10/11/20,CALL CENTER,3
10/11/20,MovilSE,361
10/11/20,UB,90
10/11/20,MovilGZ,8
10/11/20,PortalGZ,15
10/11/19,UB,2
10/11/19,MovilGZ,2
10/11/19,MovilSE,23
10/11/18,MovilSE,80
10/11/18,PortalGZ,5
10/11/18,UB,8
10/10/20,MovilGZ,5
10/10/20,MovilSE,78
10/10/20,UB,44
10/10/20,PortalGZ,1
10/10/19,MovilGZ,19
10/10/19,MovilSE,450
10/10/19,PortalGZ,21
10/10/19,UB,22
10/10/18,PortalGZ,59
10/10/18,UB,13
10/10/18,CALL CENTER,1
10/10/18,MovilGZ,2
10/10/18,MovilSE,603
10/09/20,MovilGZ,19
10/09/20,MovilSE,537
10/09/20,PortalGZ,28
10/09/20,UB,96
10/09/20,CALL CENTER,4
10/09/19,CALL CENTER,2
10/09/19,MovilGZ,20
10/09/19,MovilSE,742
10/09/19,PortalGZ,27
10/09/19,UB,50
10/09/19,MovilSE,1
10/09/18,CALL CENTER,3
10/09/18,MovilGZ,2
10/09/18,MovilSE,692
10/09/18,PortalGZ,49
10/09/18,UB,45
10/08/20,CALL CENTER,3
10/08/20,MovilSE,1
10/08/20,MovilSE,858
10/08/20,PortalGZ,27
10/08/20,MovilGZ,19
10/08/20,UB,134
10/08/19,CALL CENTER,1
10/08/19,PortalGZ,2
10/08/19,UB,4
10/08/19,MovilGZ,1
10/08/19,MovilSE,66
10/08/18,CALL CENTER,1
10/08/18,MovilSE,554
10/08/18,PortalGZ,73
10/08/18,UB,29
10/07/20,MovilSE,2
10/07/20,PortalGZ,22
10/07/20,CALL CENTER,5
10/07/20,MovilGZ,13
10/07/20,MovilSE,276
10/07/20,UB,92
10/07/19,CALL CENTER,2
10/07/19,MovilSE,1
10/07/19,PortalGZ,45
10/07/19,MovilGZ,33
10/07/19,MovilSE,802
10/07/19,UB,49
10/07/18,CALL CENTER,1
10/07/18,MovilSE,562
10/07/18,UB,41
10/07/18,MovilGZ,1
10/07/18,PortalGZ,46
10/06/20,CALL CENTER,4
10/06/20,MovilGZ,12
10/06/20,MovilSE,628
10/06/20,PortalGZ,31
10/06/20,UB,109
10/06/19,CALL CENTER,2
10/06/19,MovilGZ,24
10/06/19,MovilSE,654
10/06/19,PortalGZ,82
10/06/19,UB,35
10/06/18,PortalGZ,1
10/06/18,MovilSE,13
10/06/18,UB,1
10/05/20,MovilSE,12
10/05/20,CALL CENTER,1
10/05/20,UB,1
10/05/19,MovilSE,288
10/05/19,UB,15
10/05/19,MovilGZ,7
10/05/19,PortalGZ,8
10/05/18,CALL CENTER,2
10/05/18,MovilSE,631
10/05/18,PortalGZ,28
10/05/18,UB,38
10/04/20,MovilSE,5
10/04/20,UB,2
10/04/19,MovilGZ,21
10/04/19,MovilSE,536
10/04/19,PortalGZ,33
10/04/19,UB,45
10/04/19,CALL CENTER,1
10/04/18,PortalGZ,83
10/04/18,CALL CENTER,1
10/04/18,MovilSE,760
10/04/18,UB,52
10/03/20,CALL CENTER,6
10/03/20,MovilGZ,22
10/03/20,PortalGZ,13
10/03/20,UB,1
10/03/20,MovilSE,676
10/03/20,UB,60
10/03/19,MovilGZ,3
10/03/19,MovilSE,15
10/03/18,MovilSE,123
10/03/18,PortalGZ,18
10/03/18,UB,5
10/02/20,MovilSE,753
10/02/20,PortalGZ,1
10/02/20,PortalGZ,43
10/02/20,MovilGZ,45
10/02/20,UB,73
10/02/19,MovilGZ,1
10/02/19,MovilSE,21
10/02/19,PortalGZ,1
10/02/19,UB,3
10/02/18,MovilSE,60
10/02/18,UB,8
10/02/18,PortalGZ,2
10/01/20,UB,6
10/01/20,UB,14
10/01/20,CALL CENTER,2
10/01/20,MovilGZ,14
10/01/20,MovilSE,2
10/01/20,MovilSE,288
10/01/20,PortalGZ,15
10/01/19,UB,4
10/01/19,UB,28
10/01/19,MovilGZ,1
10/01/19,MovilGZ,7
10/01/19,MovilSE,5
10/01/19,MovilSE,384
10/01/19,PortalGZ,38
10/01/18,PortalGZ,68
10/01/18,MovilSE,247
10/01/18,UB,17
09/12/19,MovilGZ,24
09/12/19,MovilSE,581
09/12/19,CALL CENTER,1
09/12/19,PortalGZ,30
09/12/19,UB,49
09/12/18,PortalGZ,1
09/12/18,MovilSE,25
09/12/18,UB,2
09/11/20,CALL CENTER,1
09/11/20,MovilGZ,10
09/11/20,PortalGZ,20
09/11/20,MovilSE,428
09/11/20,UB,124
09/11/19,MovilSE,1
09/11/19,UB,4
09/11/19,CALL CENTER,1
09/11/19,MovilGZ,4
09/11/19,MovilSE,101
09/11/19,PortalGZ,3
09/11/18,CALL CENTER,3
09/11/18,UB,40
09/11/18,MovilSE,237
09/11/18,PortalGZ,18
09/10/20,PortalGZ,25
09/10/20,CALL CENTER,2
09/10/20,MovilGZ,11
09/10/20,MovilSE,667
09/10/20,UB,100
09/10/19,MovilGZ,26
09/10/19,MovilSE,1
09/10/19,MovilSE,435
09/10/19,PortalGZ,28
09/10/19,UB,24
09/10/18,CALL CENTER,1
09/10/18,MovilGZ,2
09/10/18,MovilSE,623
09/10/18,PortalGZ,54
09/10/18,UB,32
09/09/20,CALL CENTER,5
09/09/20,MovilGZ,24
09/09/20,MovilSE,656
09/09/20,PortalGZ,29
09/09/20,UB,111
09/09/19,CALL CENTER,2
09/09/19,UB,45
09/09/19,MovilGZ,21
09/09/19,MovilSE,725
09/09/19,PortalGZ,18
09/09/18,PortalGZ,7
09/09/18,MovilSE,76
09/08/20,MovilSE,2
09/08/20,UB,49
09/08/19,CALL CENTER,2
09/08/19,MovilGZ,18
09/08/19,MovilSE,475
09/08/19,UB,29
09/08/19,PortalGZ,28
09/08/18,MovilGZ,1
09/08/18,MovilSE,670
09/08/18,PortalGZ,86
09/08/18,UB,40
09/07/20,MovilSE,402
09/07/20,PortalGZ,19
09/07/20,UB,114
09/07/20,MovilGZ,13
09/07/20,MovilSE,3
09/07/20,PortalGZ,1
09/07/19,CALL CENTER,1
09/07/19,UB,1
09/07/19,MovilGZ,28
09/07/19,MovilSE,3
09/07/19,MovilSE,757
09/07/19,PortalGZ,30
09/07/19,UB,61
09/07/18,CALL CENTER,2
09/07/18,MovilSE,545
09/07/18,PortalGZ,30
09/07/18,UB,78
09/06/20,MovilSE,1
09/06/20,MovilSE,652
09/06/20,CALL CENTER,4
09/06/20,MovilGZ,6
09/06/20,PortalGZ,17
09/06/20,UB,118
09/06/19,MovilSE,31
09/06/19,UB,1
09/06/19,PortalGZ,2
09/06/18,MovilSE,70
09/06/18,PortalGZ,9
09/06/18,UB,7
09/05/20,CALL CENTER,1
09/05/20,PortalGZ,1
09/05/20,UB,7
09/05/20,MovilGZ,3
09/05/20,MovilSE,19
09/05/19,CALL CENTER,1
09/05/19,MovilGZ,8
09/05/19,MovilSE,307
09/05/19,UB,10
09/05/19,PortalGZ,16
09/05/18,CALL CENTER,4
09/05/18,UB,23
09/05/18,MovilSE,348
09/05/18,PortalGZ,11
09/04/20,MovilSE,10
09/04/20,UB,1
09/04/19,CALL CENTER,1
09/04/19,MovilSE,687
09/04/19,PortalGZ,1
09/04/19,PortalGZ,60
09/04/19,MovilGZ,25
09/04/19,UB,42
09/04/18,MovilSE,891
09/04/18,PortalGZ,88
09/04/18,UB,65
09/03/20,MovilSE,786
09/03/20,PortalGZ,27
09/03/20,UB,65
09/03/20,CALL CENTER,5
09/03/20,MovilGZ,8
09/03/19,MovilGZ,1
09/03/19,MovilSE,1
09/03/19,UB,8
09/03/19,MovilSE,111
09/03/19,PortalGZ,2
09/03/18,UB,39
09/03/18,MovilSE,378
09/03/18,PortalGZ,32
09/02/20,MovilGZ,1
09/02/20,MovilSE,28
09/02/20,PortalGZ,2
09/02/20,UB,3
09/02/19,UB,4
09/02/19,MovilSE,31
09/02/18,PortalGZ,17
09/02/18,MovilSE,319
09/02/18,UB,36
09/01/20,MovilGZ,22
09/01/20,MovilSE,6
09/01/20,UB,11
09/01/20,CALL CENTER,1
09/01/20,MovilSE,219
09/01/20,PortalGZ,18
09/01/20,UB,9
09/01/19,MovilSE,431
09/01/19,PortalGZ,2
09/01/19,UB,39
09/01/19,MovilGZ,1
09/01/19,MovilGZ,9
09/01/19,MovilSE,17
09/01/19,PortalGZ,53
09/01/19,UB,8
09/01/18,MovilSE,428
09/01/18,PortalGZ,67
09/01/18,UB,13
08/12/19,MovilSE,24
08/12/19,PortalGZ,2
08/12/19,UB,1
08/12/18,PortalGZ,7
08/12/18,UB,4
08/12/18,MovilSE,33
08/11/20,MovilSE,17
08/11/20,UB,45
08/11/19,MovilGZ,7
08/11/19,UB,21
08/11/19,MovilSE,182
08/11/19,PortalGZ,7
08/11/18,CALL CENTER,2
08/11/18,MovilSE,268
08/11/18,PortalGZ,33
08/11/18,UB,27
08/10/20,CALL CENTER,1
08/10/20,MovilGZ,8
08/10/20,MovilSE,658
08/10/20,PortalGZ,22
08/10/20,UB,103
08/10/19,CALL CENTER,4
08/10/19,UB,42
08/10/19,MovilGZ,32
08/10/19,MovilSE,621
08/10/19,PortalGZ,38
08/10/18,MovilGZ,2
08/10/18,MovilSE,743
08/10/18,UB,43
08/10/18,CALL CENTER,1
08/10/18,PortalGZ,60
08/09/20,CALL CENTER,3
08/09/20,MovilGZ,21
08/09/20,MovilSE,1
08/09/20,MovilSE,811
08/09/20,PortalGZ,34
08/09/20,UB,79
08/09/19,MovilSE,45
08/09/18,MovilSE,124
08/09/18,PortalGZ,12
08/09/18,UB,8
08/08/20,MovilSE,52
08/08/20,PortalGZ,1
08/08/20,UB,62
08/08/19,CALL CENTER,2
08/08/19,MovilSE,540
08/08/19,PortalGZ,28
08/08/19,MovilGZ,20
08/08/19,UB,30
08/08/18,MovilSE,715
08/08/18,PortalGZ,76
08/08/18,UB,54
08/07/20,CALL CENTER,2
08/07/20,MovilSE,2
08/07/20,PortalGZ,25
08/07/20,UB,129
08/07/20,MovilGZ,26
08/07/20,MovilSE,446
08/07/19,MovilSE,707
08/07/19,PortalGZ,36
08/07/19,MovilGZ,8
08/07/19,UB,58
08/07/18,MovilSE,24
08/07/18,UB,2
08/06/20,CALL CENTER,1
08/06/20,MovilGZ,11
08/06/20,MovilSE,583
08/06/20,PortalGZ,18
08/06/20,UB,110
08/06/19,MovilGZ,1
08/06/19,MovilSE,86
08/06/19,PortalGZ,7
08/06/19,UB,7
08/06/18,PortalGZ,78
08/06/18,UB,31
08/06/18,MovilGZ,1
08/06/18,MovilSE,433
08/05/20,MovilGZ,15
08/05/20,MovilSE,225
08/05/20,PortalGZ,16
08/05/20,UB,42
08/05/20,CALL CENTER,4
08/05/19,MovilSE,299
08/05/19,PortalGZ,13
08/05/19,CALL CENTER,4
08/05/19,MovilGZ,7
08/05/19,UB,23
08/05/18,CALL CENTER,1
08/05/18,UB,32
08/05/18,MovilSE,246
08/05/18,PortalGZ,10
08/04/20,CALL CENTER,3
08/04/20,MovilGZ,6
08/04/20,MovilSE,70
08/04/20,PortalGZ,17
08/04/20,UB,27
08/04/19,MovilGZ,12
08/04/19,MovilSE,625
08/04/19,PortalGZ,47
08/04/19,UB,63
08/04/19,CALL CENTER,3
08/04/18,PortalGZ,8
08/04/18,UB,5
08/04/18,MovilSE,44
08/03/20,MovilSE,31
08/03/20,MovilGZ,2
08/03/20,UB,1
08/03/19,CALL CENTER,2
08/03/19,MovilGZ,9
08/03/19,MovilSE,283
08/03/19,PortalGZ,14
08/03/19,UB,23
08/03/18,UB,29
08/03/18,MovilSE,202
08/03/18,PortalGZ,20
08/02/20,MovilGZ,3
08/02/20,PortalGZ,8
08/02/20,MovilSE,81
08/02/20,UB,15
08/02/19,CALL CENTER,1
08/02/19,MovilSE,311
08/02/19,PortalGZ,15
08/02/19,UB,20
08/02/19,MovilGZ,4
08/02/18,MovilSE,782
08/02/18,PortalGZ,70
08/02/18,UB,76
08/01/20,MovilSE,1
08/01/20,MovilSE,321
08/01/20,PortalGZ,25
08/01/20,UB,3
08/01/20,CALL CENTER,1
08/01/20,MovilGZ,17
08/01/20,MovilSE,10
08/01/20,UB,20
08/01/19,MovilGZ,9
08/01/19,MovilSE,28
08/01/19,MovilSE,602
08/01/19,PortalGZ,2
08/01/19,PortalGZ,87
08/01/19,UB,6
08/01/19,UB,27
08/01/18,UB,2
08/01/18,MovilSE,16
08/01/18,PortalGZ,2
07/12/19,UB,4
07/12/19,MovilGZ,2
07/12/19,MovilSE,54
07/12/19,PortalGZ,3
07/12/18,MovilGZ,7
07/12/18,PortalGZ,51
07/12/18,UB,16
07/12/18,MovilSE,415
07/11/20,MovilSE,57
07/11/20,PortalGZ,1
07/11/20,MovilGZ,3
07/11/20,UB,47
07/11/19,MovilGZ,13
07/11/19,UB,26
07/11/19,MovilSE,247
07/11/19,PortalGZ,16
07/11/18,PortalGZ,67
07/11/18,CALL CENTER,2
07/11/18,MovilGZ,2
07/11/18,MovilSE,427
07/11/18,UB,31
07/10/20,MovilSE,639
07/10/20,PortalGZ,27
07/10/20,UB,114
07/10/20,CALL CENTER,1
07/10/20,MovilGZ,11
07/10/19,CALL CENTER,1
07/10/19,MovilGZ,26
07/10/19,PortalGZ,36
07/10/19,MovilSE,692
07/10/19,UB,32
07/10/18,MovilSE,34
07/10/18,PortalGZ,1
07/10/18,MovilGZ,1
07/09/20,CALL CENTER,1
07/09/20,MovilGZ,9
07/09/20,MovilSE,780
07/09/20,PortalGZ,32
07/09/20,UB,70
07/09/19,MovilSE,138
07/09/19,UB,10
07/09/19,MovilGZ,2
07/09/19,PortalGZ,6
07/09/18,CALL CENTER,1
07/09/18,MovilGZ,2
07/09/18,UB,22
07/09/18,MovilSE,354
07/09/18,PortalGZ,35
07/08/20,MovilSE,72
07/08/20,PortalGZ,5
07/08/20,UB,66
07/08/19,MovilSE,97
07/08/19,UB,6
07/08/19,MovilGZ,5
07/08/19,PortalGZ,3
07/08/18,MovilSE,166
07/08/18,PortalGZ,7
07/08/18,UB,10
07/07/20,MovilGZ,18
07/07/20,MovilSE,3
07/07/20,MovilSE,517
07/07/20,PortalGZ,31
07/07/20,UB,98
07/07/19,MovilSE,26
07/07/19,UB,1
07/07/18,PortalGZ,5
07/07/18,UB,9
07/07/18,MovilSE,111
07/06/20,MovilSE,42
07/06/20,MovilGZ,2
07/06/20,UB,9
07/06/19,CALL CENTER,9
07/06/19,MovilSE,611
07/06/19,PortalGZ,39
07/06/19,UB,23
07/06/19,MovilGZ,17
07/06/18,CALL CENTER,1
07/06/18,PortalGZ,110
07/06/18,UB,33
07/06/18,MovilGZ,1
07/06/18,MovilSE,658
07/05/20,CALL CENTER,14
07/05/20,UB,62
07/05/20,MovilGZ,17
07/05/20,MovilSE,302
07/05/20,PortalGZ,21
07/05/19,MovilSE,305
07/05/19,PortalGZ,11
07/05/19,UB,16
07/05/19,CALL CENTER,2
07/05/19,MovilGZ,11
07/05/18,CALL CENTER,1
07/05/18,MovilSE,303
07/05/18,PortalGZ,46
07/05/18,UB,19
07/04/20,MovilGZ,7
07/04/20,MovilSE,100
07/04/20,UB,20
07/04/20,CALL CENTER,3
07/04/20,PortalGZ,21
07/04/19,MovilSE,31
07/04/19,PortalGZ,3
07/04/19,MovilGZ,1
07/04/19,UB,5
07/04/18,MovilSE,162
07/04/18,UB,21
07/04/18,PortalGZ,12
07/03/20,MovilGZ,1
07/03/20,PortalGZ,1
07/03/20,UB,11
07/03/20,CALL CENTER,2
07/03/20,MovilSE,1
07/03/20,MovilSE,96
07/03/19,MovilGZ,5
07/03/19,CALL CENTER,2
07/03/19,MovilSE,231
07/03/19,PortalGZ,26
07/03/19,UB,18
07/03/18,MovilSE,252
07/03/18,UB,26
07/03/18,PortalGZ,48
07/02/20,CALL CENTER,2
07/02/20,MovilGZ,32
07/02/20,UB,66
07/02/20,MovilSE,1
07/02/20,MovilSE,564
07/02/20,PortalGZ,40
07/02/20,UB,3
07/02/19,MovilSE,3
07/02/19,MovilSE,882
07/02/19,CALL CENTER,6
07/02/19,MovilGZ,16
07/02/19,PortalGZ,78
07/02/19,UB,46
07/02/18,MovilSE,801
07/02/18,PortalGZ,106
07/02/18,UB,99
07/01/20,PortalGZ,1
07/01/20,PortalGZ,25
07/01/20,MovilGZ,12
07/01/20,MovilSE,16
07/01/20,MovilSE,453
07/01/20,UB,8
07/01/20,UB,18
07/01/19,MovilSE,1
07/01/19,MovilSE,14
07/01/19,PortalGZ,3
07/01/19,MovilGZ,1
07/01/18,MovilSE,6
06/12/19,CALL CENTER,1
06/12/19,MovilGZ,28
06/12/19,MovilSE,1
06/12/19,MovilSE,446
06/12/19,PortalGZ,26
06/12/19,UB,50
06/12/18,MovilGZ,12
06/12/18,PortalGZ,53
06/12/18,CALL CENTER,2
06/12/18,MovilSE,486
06/12/18,UB,33
06/11/20,MovilGZ,19
06/11/20,PortalGZ,27
06/11/20,UB,83
06/11/20,MovilSE,438
06/11/19,MovilGZ,19
06/11/19,MovilSE,386
06/11/19,PortalGZ,31
06/11/19,UB,23
06/11/18,MovilGZ,1
06/11/18,PortalGZ,55
06/11/18,CALL CENTER,2
06/11/18,MovilSE,472
06/11/18,UB,42
06/10/20,MovilGZ,13
06/10/20,PortalGZ,24
06/10/20,MovilSE,645
06/10/20,UB,88
06/10/19,MovilSE,35
06/10/19,UB,3
06/10/19,MovilGZ,2
06/10/19,PortalGZ,2
06/10/18,PortalGZ,9
06/10/18,UB,9
06/10/18,MovilSE,134
06/09/20,PortalGZ,1
06/09/20,UB,59
06/09/20,MovilGZ,3
06/09/20,MovilSE,19
06/09/19,MovilSE,1
06/09/19,MovilSE,333
06/09/19,PortalGZ,14
06/09/19,UB,24
06/09/19,MovilGZ,22
06/09/18,MovilSE,333
06/09/18,PortalGZ,28
06/09/18,UB,30
06/09/18,MovilGZ,1
06/08/20,CALL CENTER,1
06/08/20,MovilGZ,8
06/08/20,MovilSE,1
06/08/20,MovilSE,366
06/08/20,PortalGZ,13
06/08/20,UB,124
06/08/19,PortalGZ,40
06/08/19,MovilGZ,20
06/08/19,MovilSE,663
06/08/19,UB,26
06/08/18,PortalGZ,71
06/08/18,MovilGZ,1
06/08/18,MovilSE,680
06/08/18,UB,48
06/07/20,MovilSE,1
06/07/20,PortalGZ,28
06/07/20,CALL CENTER,1
06/07/20,MovilGZ,25
06/07/20,MovilSE,742
06/07/20,UB,143
06/07/19,MovilSE,142
06/07/19,UB,11
06/07/19,MovilGZ,2
06/07/19,PortalGZ,4
06/07/18,CALL CENTER,1
06/07/18,MovilSE,292
06/07/18,PortalGZ,16
06/07/18,UB,18
06/06/20,MovilGZ,5
06/06/20,CALL CENTER,1
06/06/20,MovilSE,262
06/06/20,PortalGZ,8
06/06/20,UB,24
06/06/19,CALL CENTER,3
06/06/19,MovilGZ,27
06/06/19,MovilSE,754
06/06/19,UB,39
06/06/19,MovilSE,1
06/06/19,PortalGZ,72
06/06/18,MovilGZ,1
06/06/18,MovilSE,871
06/06/18,CALL CENTER,2
06/06/18,PortalGZ,152
06/06/18,UB,44
06/05/20,MovilSE,387
06/05/20,UB,56
06/05/20,CALL CENTER,24
06/05/20,MovilGZ,14
06/05/20,PortalGZ,24
06/05/19,MovilGZ,14
06/05/19,MovilSE,381
06/05/19,PortalGZ,45
06/05/19,UB,21
06/05/19,CALL CENTER,2
06/05/18,CALL CENTER,1
06/05/18,MovilSE,18
06/05/18,UB,2
06/04/20,CALL CENTER,3
06/04/20,MovilGZ,5
06/04/20,MovilSE,187
06/04/20,PortalGZ,9
06/04/20,UB,24
06/04/19,PortalGZ,13
06/04/19,UB,20
06/04/19,MovilGZ,3
06/04/19,MovilSE,113
06/04/18,CALL CENTER,1
06/04/18,MovilSE,725
06/04/18,PortalGZ,63
06/04/18,UB,58
06/03/20,MovilGZ,12
06/03/20,MovilSE,366
06/03/20,PortalGZ,13
06/03/20,CALL CENTER,1
06/03/20,UB,17
06/03/19,CALL CENTER,1
06/03/19,MovilGZ,11
06/03/19,PortalGZ,25
06/03/19,UB,27
06/03/19,MovilSE,321
06/03/18,UB,35
06/03/18,MovilSE,342
06/03/18,PortalGZ,68
06/02/20,MovilGZ,38
06/02/20,MovilSE,755
06/02/20,PortalGZ,44
06/02/20,CALL CENTER,2
06/02/20,UB,82
06/02/19,MovilGZ,9
06/02/19,MovilSE,3
06/02/19,MovilSE,864
06/02/19,CALL CENTER,1
06/02/19,PortalGZ,61
06/02/19,UB,45
06/02/18,MovilSE,793
06/02/18,UB,90
06/02/18,PortalGZ,86
06/01/20,MovilSE,7
06/01/20,MovilGZ,1
06/01/20,PortalGZ,1
06/01/20,UB,1
06/01/19,MovilSE,12
06/01/19,PortalGZ,1
06/01/19,UB,1
06/01/18,PortalGZ,6
06/01/18,UB,4
06/01/18,MovilSE,46
05/12/19,MovilSE,1
05/12/19,MovilGZ,22
05/12/19,MovilSE,775
05/12/19,PortalGZ,21
05/12/19,UB,56
05/12/18,MovilGZ,11
05/12/18,MovilSE,630
05/12/18,PortalGZ,64
05/12/18,UB,25
05/11/20,MovilSE,605
05/11/20,CALL CENTER,3
05/11/20,MovilGZ,22
05/11/20,PortalGZ,29
05/11/20,UB,146
05/11/19,MovilGZ,23
05/11/19,MovilSE,434
05/11/19,UB,30
05/11/19,PortalGZ,31
05/11/18,MovilSE,10
05/11/18,PortalGZ,5
05/11/18,UB,1
05/10/20,CALL CENTER,1
05/10/20,UB,129
05/10/20,MovilGZ,7
05/10/20,MovilSE,664
05/10/20,PortalGZ,13
05/10/19,MovilSE,95
05/10/19,MovilGZ,1
05/10/19,PortalGZ,8
05/10/19,UB,10
05/10/18,PortalGZ,27
05/10/18,UB,29
05/10/18,CALL CENTER,1
05/10/18,MovilSE,460
05/09/20,CALL CENTER,1
05/09/20,MovilSE,137
05/09/20,MovilGZ,4
05/09/20,PortalGZ,1
05/09/20,UB,64
05/09/19,MovilGZ,13
05/09/19,CALL CENTER,1
05/09/19,MovilSE,257
05/09/19,PortalGZ,11
05/09/19,UB,24
05/09/18,MovilGZ,2
05/09/18,UB,35
05/09/18,CALL CENTER,3
05/09/18,MovilSE,356
05/09/18,PortalGZ,47
05/08/20,PortalGZ,7
05/08/20,CALL CENTER,1
05/08/20,MovilGZ,9
05/08/20,MovilSE,318
05/08/20,UB,146
05/08/19,MovilSE,686
05/08/19,MovilGZ,32
05/08/19,PortalGZ,49
05/08/19,UB,38
05/08/18,UB,4
05/08/18,MovilSE,26
05/08/18,PortalGZ,6
05/07/20,MovilGZ,1
05/07/20,UB,20
05/07/19,PortalGZ,11
05/07/19,CALL CENTER,1
05/07/19,MovilGZ,8
05/07/19,MovilSE,367
05/07/19,UB,35
05/07/18,CALL CENTER,1
05/07/18,MovilGZ,1
05/07/18,PortalGZ,22
05/07/18,UB,22
05/07/18,MovilSE,178
05/06/20,CALL CENTER,3
05/06/20,UB,69
05/06/20,MovilGZ,1
05/06/20,MovilSE,161
05/06/20,PortalGZ,10
05/06/19,MovilGZ,29
05/06/19,MovilSE,919
05/06/19,CALL CENTER,1
05/06/19,PortalGZ,81
05/06/19,UB,35
05/06/18,CALL CENTER,2
05/06/18,MovilSE,859
05/06/18,PortalGZ,48
05/06/18,UB,44
05/05/20,MovilGZ,23
05/05/20,PortalGZ,67
05/05/20,CALL CENTER,43
05/05/20,MovilSE,741
05/05/20,UB,112
05/05/19,UB,2
05/05/19,MovilSE,30
05/05/19,PortalGZ,1
05/05/18,PortalGZ,4
05/05/18,UB,3
05/05/18,MovilSE,34
05/04/20,MovilSE,6
05/04/20,PortalGZ,1
05/04/20,UB,3
05/04/19,MovilSE,567
05/04/19,CALL CENTER,3
05/04/19,MovilGZ,12
05/04/19,PortalGZ,46
05/04/19,UB,51
05/04/18,UB,57
05/04/18,MovilSE,624
05/04/18,PortalGZ,77
05/03/20,MovilSE,371
05/03/20,UB,23
05/03/20,CALL CENTER,3
05/03/20,MovilGZ,24
05/03/20,PortalGZ,19
05/03/19,MovilGZ,12
05/03/19,MovilSE,325
05/03/19,PortalGZ,33
05/03/19,MovilSE,3
05/03/19,UB,24
05/03/18,PortalGZ,104
05/03/18,MovilSE,519
05/03/18,UB,38
05/02/20,MovilGZ,35
05/02/20,UB,98
05/02/20,MovilSE,1
05/02/20,MovilSE,807
05/02/20,PortalGZ,35
05/02/20,UB,1
05/02/19,MovilGZ,13
05/02/19,MovilSE,876
05/02/19,UB,1
05/02/19,UB,54
05/02/19,PortalGZ,69
05/02/18,MovilSE,711
05/02/18,PortalGZ,71
05/02/18,UB,94
05/01/20,PortalGZ,3
05/01/20,MovilSE,7
05/01/19,UB,5
05/01/19,MovilGZ,1
05/01/19,MovilSE,5
05/01/19,MovilSE,97
05/01/19,PortalGZ,11
05/01/19,UB,3
05/01/18,PortalGZ,63
05/01/18,MovilSE,395
05/01/18,UB,10
04/12/20,PortalGZ,1
04/12/20,MovilSE,52
04/12/20,UB,11
04/12/19,MovilSE,1
04/12/19,UB,39
04/12/19,CALL CENTER,1
04/12/19,MovilGZ,19
04/12/19,MovilSE,720
04/12/19,PortalGZ,42
04/12/18,MovilGZ,7
04/12/18,UB,29
04/12/18,CALL CENTER,1
04/12/18,MovilSE,638
04/12/18,PortalGZ,56
04/11/20,CALL CENTER,2
04/11/20,MovilSE,720
04/11/20,UB,115
04/11/20,MovilGZ,18
04/11/20,PortalGZ,27
04/11/19,MovilGZ,1
04/11/19,MovilSE,15
04/11/19,PortalGZ,1
04/11/19,UB,1
04/11/18,MovilSE,16
04/11/18,PortalGZ,3
04/11/18,UB,2
04/10/20,MovilGZ,1
04/10/20,UB,35
04/10/20,MovilSE,14
04/10/19,MovilGZ,25
04/10/19,MovilSE,475
04/10/19,CALL CENTER,3
04/10/19,PortalGZ,34
04/10/19,UB,30
04/10/18,MovilGZ,1
04/10/18,MovilSE,550
04/10/18,CALL CENTER,2
04/10/18,PortalGZ,62
04/10/18,UB,29
04/09/20,CALL CENTER,2
04/09/20,MovilGZ,18
04/09/20,MovilSE,724
04/09/20,PortalGZ,31
04/09/20,UB,109
04/09/19,MovilSE,300
04/09/19,CALL CENTER,2
04/09/19,MovilGZ,9
04/09/19,PortalGZ,13
04/09/19,UB,21
04/09/18,MovilSE,457
04/09/18,PortalGZ,64
04/09/18,CALL CENTER,1
04/09/18,MovilGZ,8
04/09/18,UB,30
04/08/20,MovilSE,289
04/08/20,PortalGZ,14
04/08/20,CALL CENTER,1
04/08/20,MovilGZ,12
04/08/20,UB,147
04/08/19,MovilSE,32
04/08/19,PortalGZ,5
04/08/19,MovilGZ,3
04/08/19,UB,3
04/08/18,MovilSE,157
04/08/18,PortalGZ,8
04/08/18,UB,14
04/07/20,MovilSE,41
04/07/20,PortalGZ,3
04/07/20,MovilGZ,2
04/07/20,UB,28
04/07/19,CALL CENTER,1
04/07/19,MovilGZ,7
04/07/19,MovilSE,296
04/07/19,PortalGZ,25
04/07/19,UB,27
04/07/18,CALL CENTER,1
04/07/18,MovilGZ,2
04/07/18,MovilSE,364
04/07/18,PortalGZ,53
04/07/18,UB,26
04/06/20,CALL CENTER,4
04/06/20,PortalGZ,12
04/06/20,UB,79
04/06/20,MovilGZ,9
04/06/20,MovilSE,264
04/06/19,CALL CENTER,2
04/06/19,MovilSE,935
04/06/19,PortalGZ,76
04/06/19,UB,61
04/06/19,MovilGZ,26
04/06/18,MovilSE,68
04/06/18,PortalGZ,10
04/06/18,UB,3
04/05/20,CALL CENTER,20
04/05/20,MovilGZ,6
04/05/20,MovilSE,469
04/05/20,UB,68
04/05/20,PortalGZ,36
04/05/19,UB,6
04/05/19,MovilSE,72
04/05/19,PortalGZ,6
04/05/18,MovilSE,340
04/05/18,UB,7
04/05/18,PortalGZ,60
04/04/20,CALL CENTER,1
04/04/20,MovilGZ,2
04/04/20,MovilSE,13
04/04/20,UB,2
04/04/19,CALL CENTER,3
04/04/19,MovilSE,1
04/04/19,MovilSE,729
04/04/19,PortalGZ,42
04/04/19,MovilGZ,21
04/04/19,UB,62
04/04/18,UB,73
04/04/18,MovilSE,753
04/04/18,PortalGZ,88
04/03/20,CALL CENTER,4
04/03/20,PortalGZ,23
04/03/20,UB,45
04/03/20,MovilGZ,17
04/03/20,MovilSE,448
04/03/20,UB,1
04/03/19,MovilSE,510
04/03/19,CALL CENTER,1
04/03/19,MovilGZ,11
04/03/19,PortalGZ,37
04/03/19,UB,29
04/03/18,MovilSE,41
04/03/18,PortalGZ,7
04/03/18,UB,4
04/02/20,CALL CENTER,2
04/02/20,MovilGZ,31
04/02/20,MovilSE,1
04/02/20,UB,79
04/02/20,MovilSE,768
04/02/20,PortalGZ,52
04/02/19,UB,1
04/02/19,CALL CENTER,2
04/02/19,MovilGZ,15
04/02/19,MovilSE,1
04/02/19,MovilSE,848
04/02/19,PortalGZ,63
04/02/19,UB,55
04/02/18,MovilSE,36
04/02/18,PortalGZ,4
04/02/18,UB,3
04/01/20,MovilSE,22
04/01/20,PortalGZ,1
04/01/20,MovilSE,2
04/01/20,UB,3
04/01/19,PortalGZ,3
04/01/19,UB,17
04/01/19,MovilGZ,1
04/01/19,MovilGZ,16
04/01/19,MovilSE,55
04/01/19,MovilSE,505
04/01/19,PortalGZ,55
04/01/19,UB,16
04/01/18,UB,14
04/01/18,MovilSE,513
04/01/18,PortalGZ,87
03/12/20,PortalGZ,1
03/12/20,MovilGZ,2
03/12/20,MovilSE,64
03/12/20,UB,20
03/12/19,MovilGZ,11
03/12/19,PortalGZ,30
03/12/19,UB,53
03/12/19,MovilSE,625
03/12/18,PortalGZ,37
03/12/18,UB,27
03/12/18,CALL CENTER,1
03/12/18,MovilGZ,12
03/12/18,MovilSE,558
03/11/20,CALL CENTER,1
03/11/20,MovilGZ,24
03/11/20,MovilSE,868
03/11/20,PortalGZ,35
03/11/20,UB,128
03/11/19,MovilSE,10
03/11/19,PortalGZ,1
03/11/18,PortalGZ,19
03/11/18,UB,3
03/11/18,MovilGZ,1
03/11/18,MovilSE,132
03/10/20,MovilGZ,1
03/10/20,MovilSE,43
03/10/20,UB,40
03/10/19,CALL CENTER,1
03/10/19,MovilSE,783
03/10/19,PortalGZ,48
03/10/19,MovilGZ,26
03/10/19,UB,32
03/10/18,MovilSE,655
03/10/18,PortalGZ,66
03/10/18,UB,41
03/09/20,CALL CENTER,3
03/09/20,PortalGZ,24
03/09/20,UB,96
03/09/20,MovilGZ,18
03/09/20,MovilSE,1
03/09/20,MovilSE,809
03/09/19,MovilGZ,19
03/09/19,PortalGZ,29
03/09/19,UB,23
03/09/19,MovilSE,281
03/09/18,MovilSE,440
03/09/18,PortalGZ,58
03/09/18,UB,24
03/09/18,CALL CENTER,2
03/09/18,MovilGZ,3
03/08/20,MovilSE,1
03/08/20,MovilSE,372
03/08/20,CALL CENTER,2
03/08/20,MovilGZ,8
03/08/20,PortalGZ,13
03/08/20,UB,113
03/08/19,MovilGZ,5
03/08/19,MovilSE,121
03/08/19,PortalGZ,12
03/08/19,UB,11
03/08/18,CALL CENTER,1
03/08/18,MovilGZ,2
03/08/18,MovilSE,581
03/08/18,PortalGZ,58
03/08/18,UB,39
03/07/20,MovilSE,577
03/07/20,CALL CENTER,3
03/07/20,MovilGZ,18
03/07/20,MovilSE,1
03/07/20,PortalGZ,26
03/07/20,UB,57
03/07/19,MovilGZ,16
03/07/19,PortalGZ,23
03/07/19,UB,20
03/07/19,MovilSE,321
03/07/18,MovilSE,396
03/07/18,PortalGZ,63
03/07/18,UB,22
03/06/20,CALL CENTER,3
03/06/20,MovilGZ,11
03/06/20,MovilSE,396
03/06/20,PortalGZ,33
03/06/20,UB,93
03/06/19,MovilSE,35
03/06/19,PortalGZ,12
03/06/19,UB,3
03/06/18,MovilSE,21
03/06/18,PortalGZ,1
03/05/20,CALL CENTER,1
03/05/20,MovilGZ,2
03/05/20,MovilSE,28
03/05/20,PortalGZ,1
03/05/20,UB,3
03/05/19,UB,31
03/05/19,CALL CENTER,3
03/05/19,MovilGZ,14
03/05/19,MovilSE,1
03/05/19,MovilSE,552
03/05/19,PortalGZ,32
03/05/18,UB,24
03/05/18,CALL CENTER,1
03/05/18,MovilSE,540
03/05/18,PortalGZ,67
03/04/20,MovilGZ,2
03/04/20,MovilSE,97
03/04/20,UB,17
03/04/20,CALL CENTER,1
03/04/20,PortalGZ,3
03/04/19,MovilSE,1
03/04/19,PortalGZ,47
03/04/19,CALL CENTER,2
03/04/19,MovilGZ,17
03/04/19,MovilSE,702
03/04/19,UB,69
03/04/18,MovilSE,724
03/04/18,PortalGZ,78
03/04/18,UB,45
03/03/20,PortalGZ,26
03/03/20,CALL CENTER,3
03/03/20,MovilGZ,10
03/03/20,MovilSE,467
03/03/20,UB,22
03/03/19,PortalGZ,2
03/03/19,UB,2
03/03/19,MovilSE,40
03/03/18,MovilSE,73
03/03/18,PortalGZ,12
03/03/18,UB,7
03/02/20,UB,82
03/02/20,CALL CENTER,2
03/02/20,MovilGZ,13
03/02/20,MovilSE,814
03/02/20,PortalGZ,36
03/02/19,MovilSE,65
03/02/19,PortalGZ,2
03/02/19,UB,4
03/02/18,MovilSE,83
03/02/18,UB,10
03/02/18,PortalGZ,13
03/01/20,MovilSE,288
03/01/20,PortalGZ,16
03/01/20,UB,7
03/01/20,UB,8
03/01/20,CALL CENTER,1
03/01/20,MovilGZ,2
03/01/20,MovilGZ,10
03/01/20,MovilSE,38
03/01/20,PortalGZ,4
03/01/19,CALL CENTER,1
03/01/19,MovilGZ,2
03/01/19,MovilSE,111
03/01/19,MovilSE,443
03/01/19,PortalGZ,1
03/01/19,PortalGZ,54
03/01/19,UB,24
03/01/19,MovilGZ,13
03/01/19,UB,10
03/01/18,MovilSE,452
03/01/18,PortalGZ,101
03/01/18,UB,9
02/12/20,MovilSE,75
02/12/20,UB,39
02/12/20,PortalGZ,2
02/12/19,CALL CENTER,2
02/12/19,MovilSE,560
02/12/19,MovilGZ,8
02/12/19,PortalGZ,21
02/12/19,UB,35
02/12/18,MovilSE,25
02/12/18,PortalGZ,2
02/12/18,UB,3
02/11/20,UB,39
02/11/20,MovilSE,34
02/11/19,MovilSE,41
02/11/19,UB,5
02/11/19,MovilGZ,3
02/11/18,MovilSE,373
02/11/18,UB,25
02/11/18,PortalGZ,38
02/10/20,MovilGZ,11
02/10/20,PortalGZ,11
02/10/20,MovilSE,377
02/10/20,UB,95
02/10/19,MovilGZ,26
02/10/19,CALL CENTER,3
02/10/19,MovilSE,735
02/10/19,PortalGZ,43
02/10/19,UB,41
02/10/18,CALL CENTER,1
02/10/18,MovilGZ,1
02/10/18,MovilSE,612
02/10/18,UB,17
02/10/18,PortalGZ,69
02/09/20,CALL CENTER,5
02/09/20,MovilGZ,10
02/09/20,PortalGZ,27
02/09/20,UB,107
02/09/20,MovilSE,749
02/09/19,CALL CENTER,1
02/09/19,UB,42
02/09/19,MovilGZ,20
02/09/19,MovilSE,376
02/09/19,PortalGZ,16
02/09/18,MovilSE,19
02/09/18,PortalGZ,1
02/09/18,CALL CENTER,1
02/09/18,UB,5
02/08/20,UB,71
02/08/20,MovilSE,16
02/08/19,CALL CENTER,1
02/08/19,MovilSE,3
02/08/19,PortalGZ,38
02/08/19,MovilGZ,16
02/08/19,MovilSE,553
02/08/19,UB,24
02/08/18,MovilSE,569
02/08/18,PortalGZ,79
02/08/18,UB,49
02/07/20,CALL CENTER,2
02/07/20,PortalGZ,47
02/07/20,MovilGZ,9
02/07/20,MovilSE,739
02/07/20,UB,69
02/07/19,MovilGZ,9
02/07/19,PortalGZ,25
02/07/19,UB,37
02/07/19,MovilSE,446
02/07/18,MovilSE,19
02/07/18,UB,3
02/06/20,MovilSE,1
02/06/20,MovilSE,191
02/06/20,UB,43
02/06/20,MovilGZ,17
02/06/20,PortalGZ,11
02/06/19,MovilSE,21
02/06/19,PortalGZ,1
02/06/19,UB,2
02/06/18,MovilSE,99
02/06/18,PortalGZ,9
02/06/18,UB,4
02/05/20,MovilSE,40
02/05/20,PortalGZ,5
02/05/20,UB,3
02/05/19,MovilGZ,16
02/05/19,MovilSE,678
02/05/19,PortalGZ,57
02/05/19,UB,30
02/05/19,CALL CENTER,3
02/05/18,UB,27
02/05/18,MovilSE,790
02/05/18,PortalGZ,98
02/04/20,MovilSE,87
02/04/20,UB,25
02/04/20,CALL CENTER,5
02/04/20,PortalGZ,5
02/04/19,MovilSE,770
02/04/19,PortalGZ,45
02/04/19,CALL CENTER,2
02/04/19,MovilGZ,18
02/04/19,UB,79
02/04/18,PortalGZ,61
02/04/18,UB,62
02/04/18,MovilSE,750
02/03/20,MovilGZ,19
02/03/20,UB,50
02/03/20,CALL CENTER,4
02/03/20,MovilSE,574
02/03/20,PortalGZ,38
02/03/19,UB,8
02/03/19,CALL CENTER,1
02/03/19,MovilSE,76
02/03/19,PortalGZ,3
02/03/18,MovilSE,630
02/03/18,PortalGZ,120
02/03/18,UB,32
02/02/20,UB,7
02/02/20,MovilSE,26
02/02/19,MovilGZ,1
02/02/19,MovilSE,97
02/02/19,PortalGZ,6
02/02/19,UB,5
02/02/18,MovilSE,410
02/02/18,PortalGZ,33
02/02/18,UB,38
02/01/20,MovilGZ,1
02/01/20,MovilSE,2
02/01/20,MovilSE,121
02/01/20,PortalGZ,3
02/01/20,UB,3
02/01/20,CALL CENTER,1
02/01/20,MovilGZ,8
02/01/20,MovilSE,204
02/01/20,PortalGZ,26
02/01/20,UB,18
02/01/19,MovilGZ,5
02/01/19,MovilSE,214
02/01/19,MovilSE,230
02/01/19,PortalGZ,47
02/01/19,UB,2
02/01/19,UB,30
02/01/19,MovilGZ,6
02/01/19,PortalGZ,11
02/01/18,PortalGZ,67
02/01/18,MovilSE,238
02/01/18,UB,2
01/12/20,CALL CENTER,2
01/12/20,MovilSE,64
01/12/20,UB,55
01/12/20,MovilGZ,1
01/12/20,PortalGZ,1
01/12/19,MovilSE,32
01/12/19,UB,4
01/12/18,MovilGZ,5
01/12/18,MovilSE,57
01/12/18,PortalGZ,8
01/12/18,UB,5
01/11/20,MovilSE,22
01/11/20,PortalGZ,1
01/11/20,UB,29
01/11/19,MovilSE,425
01/11/19,PortalGZ,23
01/11/19,UB,18
01/11/19,MovilGZ,18
01/11/18,CALL CENTER,3
01/11/18,MovilSE,512
01/11/18,PortalGZ,65
01/11/18,UB,34
01/10/20,CALL CENTER,1
01/10/20,MovilGZ,14
01/10/20,MovilSE,468
01/10/20,UB,102
01/10/20,PortalGZ,15
01/10/19,CALL CENTER,4
01/10/19,MovilSE,2
01/10/19,MovilSE,698
01/10/19,PortalGZ,33
01/10/19,MovilGZ,28
01/10/19,UB,55
01/10/18,MovilGZ,3
01/10/18,PortalGZ,30
01/10/18,UB,31
01/10/18,CALL CENTER,2
01/10/18,MovilSE,539
01/09/20,MovilGZ,12
01/09/20,MovilSE,641
01/09/20,CALL CENTER,1
01/09/20,PortalGZ,30
01/09/20,UB,94
01/09/19,MovilSE,7
01/09/19,PortalGZ,1
01/09/19,UB,1
01/09/18,MovilSE,70
01/09/18,PortalGZ,9
01/09/18,UB,7
01/08/20,MovilSE,34
01/08/20,MovilGZ,2
01/08/20,PortalGZ,2
01/08/20,UB,29
01/08/19,CALL CENTER,5
01/08/19,MovilSE,1
01/08/19,MovilSE,750
01/08/19,MovilGZ,41
01/08/19,PortalGZ,48
01/08/19,UB,30
01/08/18,MovilGZ,2
01/08/18,MovilSE,803
01/08/18,PortalGZ,62
01/08/18,UB,42
01/07/20,CALL CENTER,4
01/07/20,MovilGZ,21
01/07/20,MovilSE,1
01/07/20,PortalGZ,39
01/07/20,MovilSE,2
01/07/20,MovilSE,821
01/07/20,UB,122
01/07/19,MovilSE,13
01/07/19,PortalGZ,1
01/07/18,MovilSE,11
01/06/20,PortalGZ,21
01/06/20,MovilGZ,7
01/06/20,MovilSE,234
01/06/20,UB,52
01/06/19,MovilSE,94
01/06/19,MovilGZ,5
01/06/19,PortalGZ,6
01/06/19,UB,8
01/06/18,UB,34
01/06/18,CALL CENTER,3
01/06/18,MovilSE,662
01/06/18,PortalGZ,93
01/05/20,CALL CENTER,3
01/05/20,MovilGZ,3
01/05/20,MovilSE,52
01/05/20,PortalGZ,6
01/05/20,UB,10
01/05/19,MovilSE,114
01/05/19,PortalGZ,4
01/05/19,UB,15
01/05/19,MovilSE,1
01/05/18,MovilSE,141
01/05/18,PortalGZ,11
01/05/18,UB,11
01/04/20,CALL CENTER,2
01/04/20,MovilGZ,5
01/04/20,PortalGZ,12
01/04/20,UB,14
01/04/20,MovilSE,82
01/04/19,UB,52
01/04/19,CALL CENTER,1
01/04/19,MovilGZ,7
01/04/19,MovilSE,646
01/04/19,PortalGZ,24
01/04/18,MovilSE,54
01/04/18,PortalGZ,4
01/04/18,UB,3
01/03/20,MovilSE,23
01/03/20,PortalGZ,1
01/03/20,UB,1
01/03/19,MovilSE,401
01/03/19,UB,18
01/03/19,MovilGZ,6
01/03/19,PortalGZ,38
01/03/18,MovilSE,664
01/03/18,PortalGZ,161
01/03/18,UB,56
01/02/20,MovilSE,51
01/02/20,PortalGZ,4
01/02/20,UB,9
01/02/19,MovilGZ,6
01/02/19,PortalGZ,31
01/02/19,UB,40
01/02/19,CALL CENTER,1
01/02/19,MovilSE,3
01/02/19,MovilSE,480
01/02/18,PortalGZ,43
01/02/18,UB,46
01/02/18,MovilSE,351
01/01/19,MovilSE,10
01/01/19,PortalGZ,1
01/01/19,PortalGZ,2
01/01/18,MovilSE,1
